"Name","Team","G","PA","AB","H","2B","3B","HR","R","RBI","BB","SO","HBP","SB","CS","AVG","OBP","SLG","OPS","wOBA","Fld","BsR","WAR","ADP","playerid"
"Mike Trout","Angels","157","658","540","161","31","5","34","108","102","102","142","9","22","7",".298",".415",".563",".977",".409","0.2","3.8","8.2","1.2","10155"
"Bryce Harper","Nationals","150","630","510","144","28","2","31","94","93","109","123","4","15","9",".283",".409",".526",".935",".392","2.5","0.5","5.2","11.2","11579"
"Joey Votto","Reds","152","637","513","149","30","2","23","87","79","113","122","5","7","3",".290",".419",".490",".909",".387","0.9","-1.4","4.1","22.8","4314"
"Miguel Cabrera","Tigers","153","644","561","172","32","1","30","88","100","73","114","4","1","0",".306",".386",".530",".917",".384","0.2","-3.3","4.1","16.0","1744"
"Anthony Rizzo","Cubs","152","637","541","151","33","3","32","91","101","75","106","17","7","5",".280",".382",".526",".908",".384","5.9","-0.8","4.6","11.8","3473"
"Paul Goldschmidt","Diamondbacks","157","658","544","157","34","2","27","92","93","103","144","4","20","7",".288",".402",".509",".911",".383","4.1","1.6","4.4","6.1","9218"
"Josh Donaldson","Blue Jays","150","630","537","148","30","3","32","94","96","80","120","7","5","2",".275",".373",".520",".893",".378","6.6","0.2","6.1","10.3","5038"
"Giancarlo Stanton","Marlins","133","560","482","126","24","2","36","79","96","70","162","4","4","2",".261",".357",".546",".903",".376","1.8","-0.1","3.9","36.9","4949"
"Kris Bryant","Cubs","150","630","541","149","29","3","31","95","97","72","161","12","10","4",".275",".370",".512",".882",".375","4.1","2.4","5.6","4.7","15429"
"Nolan Arenado","Rockies","157","658","597","174","38","5","37","90","110","50","99","4","3","3",".291",".346",".554",".900",".374","9.6","-0.9","4.6","5.2","9777"
"Mookie Betts","Red Sox","150","630","571","176","38","5","23","91","88","50","73","2","22","7",".308",".364",".510",".874",".372","11.7","3.8","5.4","3.2","13611"
"Freddie Freeman","Braves","158","665","565","157","34","3","27","92","90","87","152","9","4","2",".278",".380",".494",".874",".370","3.1","-0.1","3.8","28.8","5361"
"Jose Bautista","Blue Jays","142","595","494","124","25","1","31","83","93","90","112","5","4","2",".250",".369",".492",".861",".368","-3.9","-1.3","3.0","99.4","1887"
"Manny Machado","Orioles","150","630","569","166","32","1","32","90","91","52","104","3","7","4",".291",".352",".520",".872",".368","12.1","-0.3","5.9","8.2","11493"
"Edwin Encarnacion","Indians","150","630","542","141","28","1","34","85","105","76","115","6","2","1",".259",".353",".500",".853",".362","-0.2","-0.9","2.8","24.3","2151"
"Andrew McCutchen","Pirates","150","630","540","151","30","3","23","82","83","77","126","8","10","5",".280",".375",".474",".848",".362","-0.2","0.0","3.6","62.7","9847"
"Carlos Gonzalez","Rockies","150","630","574","163","34","3","31","82","98","50","140","2","6","2",".285",".342",".517",".859",".361","-0.6","0.2","1.9","57.4","7287"
"Kyle Schwarber","Cubs","130","544","470","119","19","3","30","84","83","63","147","5","5","3",".254",".345",".497",".842",".358","-3.7","0.5","2.5","75.8","16478"
"Carlos Correa","Astros","155","651","572","160","35","3","24","84","100","69","124","4","17","6",".279",".358",".479",".837",".357","-1.2","1.7","5.2","16.9","14162"
"J.D. Martinez","Tigers","148","623","562","157","33","3","30","81","90","50","161","5","4","2",".279",".341",".505",".846",".357","-7.0","-1.3","2.4","49.8","6184"
"Carlos Santana","Indians","158","665","553","139","29","2","27","86","86","103","116","3","6","3",".251",".368",".458",".826",".357","-0.1","-1.0","2.7","114.1","2396"
"Hanley Ramirez","Red Sox","142","595","528","148","31","1","24","74","93","56","112","6","9","4",".281",".355",".479",".834",".356","-0.8","-0.8","1.9","75.5","8001"
"Jose Altuve","Astros","153","644","586","185","36","4","16","89","75","43","61","6","31","10",".316",".366",".469",".835",".355","-2.9","0.6","4.3","4.4","5417"
"Nelson Cruz","Mariners","150","630","565","150","25","1","37","83","100","53","158","6","3","2",".266",".334",".508",".842",".354","-0.3","-2.4","2.5","39.1","2434"
"Charlie Blackmon","Rockies","147","616","558","163","30","5","22","83","65","39","99","11","23","10",".293",".349",".481",".829",".353","-5.7","1.2","2.0","16.5","7859"
"Eric Thames","Brewers","136","570","504","131","27","3","30","78","88","52","149","8","12","5",".259",".336",".504",".840",".353","-2.4","0.0","1.8","209.7","3711"
"Steve Pearce","Blue Jays","118","497","440","117","26","2","22","63","68","47","101","6","2","3",".265",".342",".483",".826",".352","1.0","-0.6","2.3","406.3","9957"
"Matt Carpenter","Cardinals","150","630","533","142","35","4","18","87","69","83","126","6","3","3",".266",".368",".449",".816",".352","2.7","-0.3","2.7","65.7","8090"
"Jose Abreu","White Sox","150","630","569","162","30","2","27","77","93","44","122","12","1","1",".285",".346",".487",".833",".352","-3.0","-1.6","2.1","53.5","15676"
"Daniel Murphy","Nationals","147","616","569","176","41","4","16","80","85","36","64","5","8","3",".310",".353",".480",".834",".352","-8.4","0.8","2.8","42.3","4316"
"Buster Posey","Giants","135","569","506","150","29","2","16","70","77","54","60","3","3","2",".297",".365",".459",".823",".351","6.3","-1.6","4.8","44.6","9166"
"Yasiel Puig","Dodgers","126","531","476","133","25","4","19","67","72","44","107","7","7","5",".280",".347",".473",".820",".351","1.8","-0.5","2.8","213.0","14225"
"George Springer","Astros","148","623","534","136","24","3","27","92","78","73","161","10","13","6",".255",".353",".461",".814",".351","0.7","1.0","3.9","33.0","12856"
"Christian Yelich","Marlins","150","630","554","159","34","3","16","81","71","68","129","3","13","5",".287",".366",".445",".811",".350","1.1","1.3","4.0","59.6","11477"
"Ryan Braun","Brewers","139","585","527","148","27","3","25","78","86","49","110","4","14","6",".281",".345",".484",".829",".350","-2.8","-0.9","2.0","47.2","3410"
"Chris Davis","Orioles","148","623","536","126","23","0","38","87","99","75","206","7","2","2",".235",".334",".492",".826",".350","3.0","0.4","2.7","75.5","9272"
"Brandon Belt","Giants","143","602","516","136","33","5","18","74","70","77","146","5","4","3",".263",".361",".449",".811",".349","5.8","-0.6","3.0","171.9","10264"
"Trevor Story","Rockies","150","630","566","148","33","6","29","79","91","51","179","6","16","6",".261",".327",".495",".822",".347","-1.7","1.3","2.6","34.6","12564"
"Pedro Alvarez","Orioles","68","287","256","63","12","0","18","37","46","28","79","1","2","1",".248",".323",".502",".824",".346","0.0","0.1","1.0","526.7","2495"
"Shin-Soo Choo","Rangers","150","630","534","139","26","2","20","82","65","75","149","14","9","6",".260",".364",".428",".792",".346","-0.5","-0.5","1.6","311.5","3174"
"Justin Upton","Tigers","150","630","558","144","28","2","29","83","92","62","166","5","11","5",".259",".335",".475",".810",".345","-2.6","1.1","2.5","88.7","5222"
"Justin Turner","Dodgers","133","560","501","140","31","2","18","69","75","43","98","9","4","2",".278",".344",".460",".804",".345","4.5","-0.4","3.8","116.3","5235"
"Adrian Beltre","Rangers","150","630","576","165","30","2","23","79","92","45","71","5","1","1",".287",".341",".468",".809",".344","7.5","-0.9","4.0","88.0","639"
"Robinson Cano","Mariners","150","630","575","165","30","2","23","80","88","45","90","6","3","2",".288",".343",".469",".812",".344","-0.9","-2.1","3.6","30.8","3269"
"Gary Sanchez","Yankees","124","521","473","124","24","1","27","69","83","39","112","4","5","2",".262",".321",".491",".811",".344","0.1","0.1","3.4","50.9","11442"
"Lucas Duda","Mets","129","540","462","112","23","0","26","68","80","64","132","9","2","1",".242",".343",".465",".807",".344","0.7","-0.2","2.0","330.6","2502"
"Hyun Soo Kim","Orioles","100","420","372","107","17","1","12","50","41","40","61","4","4","3",".288",".361",".432",".792",".344","-5.4","-0.4","1.1","390.6","18718"
"Corey Seager","Dodgers","152","637","582","164","37","4","22","85","86","44","110","5","4","2",".283",".335",".471",".806",".342","2.8","1.1","4.5","20.0","13624"
"Michael Brantley","Indians","125","525","470","137","32","1","12","64","75","46","52","4","12","3",".292",".356",".442",".798",".342","-1.8","1.4","2.0","192.0","4106"
"Ian Desmond","Rockies","117","491","448","126","23","2","18","64","71","35","120","4","14","5",".280",".335",".465",".800",".342","5.4","1.3","1.2","135.4","6885"
"Anthony Rendon","Nationals","145","609","537","146","34","3","18","81","73","59","109","6","10","5",".273",".348",".447",".795",".342","5.7","0.6","3.7","92.6","12861"
"Jung Ho Kang","Pirates","137","574","508","132","27","2","23","70","80","47","136","15","4","3",".260",".338",".458",".796",".342","-1.0","-0.6","3.1","255.3","17182"
"Kyle Seager","Mariners","153","644","573","152","31","2","26","81","89","60","106","7","5","3",".266",".340",".463",".804",".342","2.5","-0.8","4.0","61.2","9785"
"Joc Pederson","Dodgers","137","574","482","113","22","1","26","72","74","81","162","6","9","5",".233",".348",".446",".793",".342","0.0","0.0","3.3","211.3","11899"
"Matt Holliday","Yankees","117","490","430","111","22","1","20","57","73","47","94","9","2","1",".258",".341",".456",".797",".342","0.0","-1.4","1.2","276.5","1873"
"Ben Zobrist","Cubs","147","616","529","142","32","3","15","81","67","76","81","3","6","4",".268",".361",".428",".789",".341","-1.8","-0.7","2.6","149.5","7435"
"Miguel Sano","Twins","142","595","519","124","26","2","30","75","86","69","200","3","3","1",".238",".329",".472",".801",".341","-2.9","-0.9","2.6","117.6","12164"
"A.J. Pollock","Diamondbacks","150","630","571","162","35","6","16","85","63","49","93","3","26","8",".284",".342",".451",".793",".341","6.6","2.0","3.6","36.4","9256"
"Xander Bogaerts","Red Sox","150","630","572","167","33","2","16","81","77","46","106","5","9","4",".292",".348",".440",".788",".340","-2.3","1.4","3.4","33.3","12161"
"Kendrys Morales","Blue Jays","125","525","474","126","25","1","23","63","83","42","106","5","0","0",".266",".330",".470",".799",".340","0.0","-2.8","1.0","159.8","8610"
"Mark Trumbo","Orioles","133","560","512","131","23","2","32","74","92","42","140","2","2","1",".255",".312",".492",".805",".340","-2.8","-1.0","1.3","79.5","6876"
"Francisco Lindor","Indians","150","630","564","166","29","4","15","79","74","50","85","3","17","7",".294",".350",".442",".792",".340","12.5","-0.1","5.1","30.9","12916"
"David Peralta","Diamondbacks","133","560","509","142","27","9","16","64","68","40","113","5","7","3",".280",".335",".464",".799",".340","-1.5","0.5","1.5","270.0","2136"
"Yoenis Cespedes","Mets","133","560","511","135","27","3","27","74","85","39","119","5","4","3",".265",".320",".490",".810",".340","5.4","0.5","2.9","53.5","13110"
"DJ LeMahieu","Rockies","153","644","577","175","28","6","9","80","60","54","98","3","16","7",".304",".364",".421",".784",".340","2.3","0.1","2.0","92.3","9874"
"Rougned Odor","Rangers","150","630","588","162","31","6","28","83","91","26","113","8","12","8",".275",".313",".491",".804",".340","-6.2","0.6","2.5","42.5","12282"
"Brian Dozier","Twins","150","630","555","139","30","3","28","88","78","61","126","7","13","5",".251",".330",".468",".797",".339","-1.3","1.9","3.3","34.8","9810"
"David Dahl","Rockies","113","476","439","122","23","4","17","56","61","31","119","2","14","7",".278",".327",".469",".796",".339","3.1","0.6","1.0","95.6","13744"
"Yasmani Grandal","Dodgers","107","448","379","88","16","1","20","52","63","62","112","2","2","1",".233",".343",".441",".784",".339","-1.0","-1.7","2.9","158.0","11368"
"Chris Carter","Yankees","75","315","272","60","12","1","19","41","50","36","103","3","2","1",".222",".317",".483",".800",".339","-1.1","-0.5","0.7","250.3","9911"
"Gregory Bird","Yankees","108","455","402","100","22","1","21","58","66","43","114","4","2","1",".249",".326",".469",".795",".339","-0.5","-0.1","1.3","242.3","14131"
"Mark Reynolds","Rockies","54","225","198","50","10","1","10","26","29","23","59","2","1","1",".252",".334",".457",".791",".339","0.1","-0.5","0.1","626.4","7619"
"Trea Turner","Nationals","150","630","578","169","29","9","15","85","68","42","129","2","38","12",".292",".339",".452",".791",".339","1.3","3.4","3.9","13.8","16252"
"Seth Smith","Orioles","63","266","231","59","13","1","9","35","34","29","55","3","0","0",".256",".345",".440",".784",".338","-0.3","-0.4","0.7","434.1","7331"
"Wil Myers","Padres","142","595","527","136","26","3","24","80","78","60","141","3","19","7",".258",".335",".453",".788",".338","5.7","1.7","2.6","52.1","10047"
"Domingo Santana","Brewers","137","574","500","124","25","2","23","70","73","64","176","5","6","4",".248",".337",".444",".781",".337","-5.3","0.0","1.2","279.0","10348"
"Jonathan Lucroy","Rangers","122","512","460","128","26","3","14","60","64","46","80","2","3","1",".277",".345",".439",".784",".337","2.8","-1.4","3.4","62.5","7870"
"Adam Eaton","Nationals","142","595","528","152","27","8","9","80","52","49","95","10","13","7",".287",".357",".416",".773",".337","-3.8","1.4","2.5","125.7","11205"
"Starling Marte","Pirates","133","560","512","146","30","4","14","72","61","28","118","15","34","13",".285",".339",".442",".781",".336","2.4","2.3","3.2","24.5","9241"
"Eric Hosmer","Royals","153","644","581","161","31","2","21","78","88","55","118","3","6","3",".277",".340",".444",".784",".335","-1.1","-0.9","1.4","103.7","3516"
"Andrew Benintendi","Red Sox","133","560","506","142","33","7","12","68","68","43","81","4","14","8",".280",".339",".443",".782",".335","2.3","-0.4","1.9","117.9","17901"
"Michael Conforto","Mets","67","280","250","64","14","1","11","35","38","25","60","3","2","1",".255",".327",".458",".785",".335","0.9","0.1","1.3","305.1","16376"
"Mike Napoli","Rangers","132","553","474","111","20","1","25","66","75","70","156","4","3","2",".234",".336",".439",".775",".334","1.8","-1.9","1.2","218.5","3057"
"Dexter Fowler","Cardinals","142","595","505","130","25","6","12","79","48","76","129","7","13","6",".257",".360",".400",".760",".334","-7.6","1.5","2.2","165.4","4062"
"Maikel Franco","Phillies","147","616","565","153","31","2","26","76","91","41","102","5","2","1",".271",".323",".467",".790",".334","-3.8","-0.1","2.4","127.3","12179"
"Evan Longoria","Rays","150","630","573","152","32","3","27","76","85","46","134","4","2","2",".265",".321",".473",".794",".334","2.2","-0.6","3.5","95.6","9368"
"Hunter Pence","Giants","142","595","540","146","28","3","20","75","79","48","123","3","5","2",".271",".332",".446",".778",".334","0.9","0.1","2.2","196.1","8252"
"Tommy Joseph","Phillies","142","595","549","143","27","0","31","77","90","31","119","7","2","2",".261",".305",".483",".788",".334","-2.1","-0.8","1.1","216.9","10349"
"Josh Bell","Pirates","119","500","440","121","22","4","12","60","58","51","74","3","4","4",".275",".351",".426",".777",".334","-2.2","-0.9","1.2","261.1","13145"
"Josh Reddick","Astros","142","595","537","143","26","3","22","73","76","52","88","1","8","3",".267",".331",".448",".779",".333","3.4","1.3","2.7","300.4","3892"
"Dustin Pedroia","Red Sox","133","560","503","146","29","1","10","69","55","49","64","2","6","4",".290",".352",".412",".765",".333","7.2","-1.4","3.0","136.3","8370"
"Jackie Bradley Jr.","Red Sox","133","560","495","128","30","5","17","69","70","52","132","7","7","3",".258",".335",".441",".776",".333","5.2","0.6","3.0","135.9","12984"
"Stephen Piscotty","Cardinals","142","595","536","145","33","3","17","70","74","47","113","7","7","5",".271",".336",".436",".771",".333","3.0","-1.4","2.0","122.0","13367"
"Brandon Guyer","Indians","92","385","337","91","21","2","8","46","39","23","66","20","6","2",".269",".349",".408",".757",".333","0.0","0.1","1.3","660.7","2636"
"Aledmys Diaz","Cardinals","142","595","537","148","33","3","17","75","70","42","93","7","8","5",".275",".333",".446",".780",".333","-5.1","-0.9","2.5","133.5","15937"
"Alex Bregman","Astros","145","609","551","147","30","5","20","81","80","48","91","5","9","5",".267",".329",".447",".776",".333","1.2","0.0","3.2","81.7","17678"
"Khris Davis","Athletics","145","609","550","135","27","2","31","79","92","46","156","7","4","2",".245",".309",".472",".781",".332","-2.3","-1.0","1.8","96.1","9112"
"Albert Pujols","Angels","145","609","557","147","23","0","29","75","103","44","74","4","3","1",".264",".320",".464",".784",".331","0.0","-3.4","1.1","140.9","1177"
"Willson Contreras","Cubs","117","490","439","117","23","3","14","56","60","40","96","6","5","4",".267",".336",".430",".765",".331","-0.8","-0.7","2.5","97.4","11609"
"Neil Walker","Mets","137","574","513","134","23","2","22","69","72","48","105","6","3","2",".262",".331",".442",".773",".331","-2.2","0.1","2.4","240.7","7539"
"Jason Kipnis","Indians","133","560","496","134","30","3","14","71","60","51","110","5","13","5",".270",".341",".425",".766",".331","-0.7","1.3","2.6","88.8","9776"
"John Jaso","Pirates","67","280","245","65","15","1","6","31","29","29","49","3","2","2",".264",".348",".408",".756",".331","-0.7","-1.3","0.7","655.2","5887"
"Jake Lamb","Diamondbacks","142","595","527","132","28","6","21","70","75","59","157","4","5","2",".250",".327",".449",".775",".331","-2.1","1.0","2.0","145.4","13329"
"Justin Bour","Marlins","117","490","438","116","21","1","19","54","67","47","92","2","1","0",".264",".336",".444",".780",".330","-0.9","-1.0","0.8","300.3","9744"
"Byung-ho Park","Twins","92","385","343","84","15","1","19","48","51","32","116","6","3","1",".243",".316",".458",".774",".330","0.4","0.1","0.7","503.5","18497"
"Michael Saunders","Phillies","132","555","484","119","25","3","20","66","64","62","144","3","4","3",".245",".332",".435",".766",".330","-1.7","0.2","1.4","357.1","9981"
"Troy Tulowitzki","Blue Jays","133","560","501","130","25","0","22","66","76","48","113","6","1","0",".259",".328",".442",".769",".330","2.9","-1.0","3.1","136.4","3531"
"Carlos Beltran","Astros","142","595","548","148","33","0","23","69","85","39","107","3","1","0",".270",".319",".456",".776",".330","-0.1","-1.8","1.1","206.6","589"
"Adam Lind","Nationals","66","278","250","67","14","1","9","32","38","25","50","1","0","0",".269",".335",".436",".772",".330","-0.7","-1.0","0.5","524.4","8027"
"Aaron Judge","Yankees","100","420","373","89","16","1","21","54","61","38","132","4","4","1",".238",".312",".460",".772",".329","1.0","0.2","1.4","314.9","15640"
"Jose Ramirez","Indians","152","637","577","165","37","3","11","77","68","47","65","3","23","10",".286",".341",".420",".761",".329","4.5","2.3","3.4","111.4","13510"
"Mike Moustakas","Royals","140","588","532","139","30","2","22","67","69","42","84","7","2","2",".261",".321",".448",".769",".329","2.3","-1.1","2.6","217.2","4892"
"Marcell Ozuna","Marlins","148","623","571","154","29","4","21","73","81","44","132","3","3","2",".269",".322",".447",".769",".329","1.4","0.2","1.9","179.1","10324"
"Kole Calhoun","Angels","153","644","578","152","30","4","21","84","77","54","129","5","4","2",".262",".328",".433",".762",".329","4.9","0.8","2.9","174.6","11200"
"Logan Forsythe","Dodgers","137","574","512","134","27","3","18","72","61","46","112","9","8","5",".262",".332",".428",".760",".329","-1.4","-0.6","2.4","218.8","7185"
"Devon Travis","Blue Jays","100","420","388","108","24","1","12","53","49","25","78","2","5","2",".279",".324",".441",".765",".329","0.0","0.6","1.9","207.9","13862"
"Adrian Gonzalez","Dodgers","142","595","534","142","28","0","21","68","88","52","110","4","1","1",".266",".333",".439",".772",".328","3.6","-2.3","1.5","155.8","1908"
"Evan Gattis","Astros","78","329","301","75","13","2","18","40","51","21","75","3","1","1",".248",".303",".479",".782",".328","-1.5","-0.6","1.4","137.0","11003"
"Curtis Granderson","Mets","142","595","513","121","24","3","23","79","63","69","129","7","6","3",".237",".333",".428",".761",".328","-8.1","0.6","1.7","253.3","4747"
"Jesse Winker","Reds","7","28","24","7","1","0","1","3","3","3","5","0","0","0",".268",".352",".403",".755",".327","0.1","0.0","0.1","999.0","sa657865"
"Nomar Mazara","Rangers","142","595","539","146","18","4","21","66","73","43","114","6","1","2",".270",".327",".434",".761",".327","1.6","-0.9","1.5","190.3","14553"
"Kennys Vargas","Twins","83","350","308","75","14","1","15","42","45","37","95","2","0","0",".242",".325",".438",".762",".327","-0.2","-0.2","0.5","428.9","12101"
"Yulieski Gurriel","Astros","132","553","499","132","32","1","19","69","73","40","98","6","4","2",".265",".326",".445",".771",".327","2.3","-0.5","1.6","275.7","19198"
"Yasmany Tomas","Diamondbacks","112","470","441","118","24","2","20","53","63","24","111","2","3","3",".268",".308",".463",".770",".327","-7.6","-1.4","-0.1","161.7","17171"
"Matt Kemp","Braves","150","630","578","153","34","2","24","76","91","42","148","3","5","2",".266",".315",".455",".770",".326","-13.1","-0.8","0.1","97.5","5631"
"Nick Castellanos","Tigers","125","525","480","128","27","4","17","55","66","36","125","3","2","2",".267",".318",".446",".764",".326","-8.5","-1.4","1.2","190.0","11737"
"Derek Dietrich","Marlins","107","448","392","98","20","4","12","53","48","31","101","20","2","1",".250",".335",".417",".751",".326","-1.0","0.0","1.1","538.0","10542"
"Max Kepler","Twins","150","630","560","144","29","7","18","74","80","59","115","4","10","4",".256",".328",".433",".761",".326","2.3","1.1","2.0","233.0","12144"
"Matt Joyce","Athletics","112","469","391","92","19","2","14","55","53","67","109","4","3","3",".234",".349",".396",".745",".326","-4.6","-0.4","1.0","547.5","3353"
"Victor Martinez","Tigers","147","616","559","152","25","0","21","66","87","46","86","6","0","0",".272",".332",".433",".765",".325","0.0","-4.5","0.3","221.3","393"
"Billy Butler","","92","385","345","93","18","0","10","40","48","33","68","3","0","0",".271",".336",".416",".753",".325","0.0","-2.5","0.1","795.0","7399"
"Melky Cabrera","White Sox","157","658","603","172","35","3","13","74","76","45","78","2","3","1",".285",".334",".421",".755",".325","-5.5","-1.5","0.9","247.8","4022"
"Jason Heyward","Cubs","138","581","513","135","28","2","13","68","62","58","92","5","14","5",".262",".341",".402",".744",".325","13.8","1.8","2.9","261.7","4940"
"Adam Jones","Orioles","142","595","555","149","24","2","25","76","81","27","109","7","4","1",".269",".308",".455",".763",".324","-3.1","1.1","2.1","106.8","6368"
"Chris Young","Red Sox","105","441","393","97","26","1","15","53","53","39","96","5","6","3",".246",".319",".436",".755",".324","0.0","0.0","0.8","714.9","3882"
"Brad Miller","Rays","142","595","534","133","25","5","22","72","73","51","136","3","8","5",".250",".317",".437",".754",".324","0.7","0.4","2.4","145.4","12775"
"C.J. Cron","Angels","75","315","292","78","16","1","12","36","45","16","61","4","2","1",".266",".309",".452",".761",".324","-0.4","-0.6","0.7","256.1","12546"
"Ryan Schimpf","Padres","137","574","502","111","27","3","27","69","75","58","159","8","2","2",".221",".311",".450",".761",".324","-6.7","0.4","1.7","284.5","9953"
"Trey Mancini","Orioles","62","259","238","64","11","2","9","30","32","17","62","2","1","1",".267",".318",".438",".756",".324","0.2","-0.1","0.3","536.5","15149"
"Todd Frazier","White Sox","153","644","577","139","27","1","30","81","88","55","147","6","13","7",".241",".310",".447",".757",".324","1.0","0.2","2.6","74.9","785"
"Randal Grichuk","Cardinals","137","574","532","132","31","5","25","70","78","32","154","5","6","4",".249",".296",".467",".763",".323","1.0","0.1","1.5","222.1","10243"
"Ian Kinsler","Tigers","148","623","571","155","29","4","17","83","71","38","90","7","10","6",".272",".323",".425",".748",".323","5.2","0.5","3.0","74.3","6195"
"Joey Gallo","Rangers","27","112","97","21","4","1","6","14","16","13","42","1","1","0",".213",".309",".450",".759",".323","0.0","0.1","0.2","386.5","14128"
"Gregory Polanco","Pirates","150","630","566","148","32","4","18","81","75","56","121","1","20","9",".262",".328",".426",".754",".323","5.0","1.2","2.4","69.8","12907"
"Matt Adams","Cardinals","45","190","175","46","10","0","7","21","27","12","43","1","1","1",".260",".310",".449",".759",".322","0.3","-0.3","0.5","497.3","9393"
"Jorge Soler","Royals","117","490","434","108","23","1","17","58","60","47","131","3","3","1",".249",".324",".426",".750",".322","-2.9","0.2","0.6","272.4","14221"
"Alex Dickerson","Padres","88","370","336","89","20","3","11","44","45","25","70","5","3","1",".264",".322",".436",".758",".322","-1.4","0.0","0.8","374.4","12649"
"Yangervis Solarte","Padres","125","525","476","128","26","3","13","58","62","38","65","5","1","1",".269",".327",".418",".746",".322","-2.8","-0.8","1.7","266.0","5352"
"Joe Mauer","Twins","125","525","457","122","23","2","9","60","53","62","93","2","2","1",".268",".355",".390",".745",".322","1.3","-0.5","0.8","384.8","1857"
"Brandon Moss","Royals","143","602","532","123","25","3","28","71","79","56","175","8","2","1",".231",".311",".446",".757",".322","-0.5","0.0","0.5","333.1","4467"
"Odubel Herrera","Phillies","142","595","536","148","25","4","11","72","50","46","127","6","19","8",".277",".340",".402",".742",".322","3.2","0.9","2.5","135.9","11476"
"Russell Martin","Blue Jays","115","483","414","96","18","0","18","55","65","55","122","9","3","3",".231",".331",".406",".737",".322","2.5","-1.7","2.5","185.6","4616"
"Scott Schebler","Reds","123","518","470","118","19","6","20","62","70","33","124","11","7","3",".251",".313",".445",".758",".322","-0.1","0.5","0.9","364.5","12225"
"Dan Vogelbach","Mariners","72","301","261","63","12","1","10","35","35","35","68","2","1","1",".243",".334",".408",".742",".322","-0.2","-0.1","0.6","389.9","14130"
"Lorenzo Cain","Royals","130","546","500","141","28","3","10","65","61","35","104","6","18","6",".283",".334",".412",".746",".321","8.2","1.4","2.9","125.3","9077"
"Jedd Gyorko","Cardinals","114","480","436","108","18","1","22","54","67","37","104","3","1","1",".248",".309",".442",".751",".321","0.4","-0.5","1.7","239.2","10816"
"Franklin Gutierrez","Dodgers","60","250","226","55","11","0","11","31","35","19","70","3","1","1",".244",".308",".441",".749",".321","-1.5","-0.3","0.5","772.6","3255"
"Adam Duvall","Reds","139","583","535","128","26","4","29","72","88","37","153","6","5","3",".239",".293",".465",".758",".321","2.7","0.5","1.3","152.6","10950"
"Tom Murphy","Rockies","30","128","119","30","6","1","5","15","19","7","37","1","1","1",".252",".300",".454",".754",".320","-0.7","0.0","0.3","323.5","13499"
"Francisco Cervelli","Pirates","91","384","332","89","15","2","4","39","34","42","72","6","3","2",".268",".359",".359",".718",".320","-2.1","-0.4","1.8","278.1","5275"
"Jonathan Villar","Brewers","133","560","493","126","25","3","14","72","51","55","146","3","43","14",".256",".333",".404",".736",".320","-6.0","2.6","1.3","27.4","10071"
"A.J. Reed","Astros","17","70","62","15","3","0","3","9","9","7","19","0","0","0",".241",".318",".426",".744",".320","-0.1","0.0","0.1","405.3","16246"
"Brett Gardner","Yankees","117","490","427","110","20","4","10","63","44","50","95","5","12","4",".256",".338",".390",".729",".320","2.7","1.8","1.5","283.7","9927"
"Alex Gordon","Royals","148","623","543","133","26","2","18","71","63","63","153","11","7","3",".245",".334",".402",".736",".319","9.3","0.9","2.3","330.8","5209"
"Oswaldo Arcia","Diamondbacks","32","135","123","29","6","1","6","15","18","10","42","2","1","1",".237",".299",".453",".752",".319","-1.2","-0.2","0.0","879.1","10306"
"Tyler White","Astros","8","35","31","8","2","0","1","4","4","3","7","0","0","0",".248",".322",".414",".736",".319","-0.1","0.0","0.0","814.0","15564"
"Ryon Healy","Athletics","147","616","577","156","34","2","20","71","76","31","125","3","1","1",".271",".308",".439",".747",".319","-2.0","-0.4","0.9","203.4","15447"
"Jonathan Schoop","Orioles","133","560","528","139","28","1","23","66","73","20","121","7","2","1",".263",".297",".451",".748",".319","0.5","-0.5","1.9","157.6","11265"
"Stephen Cardullo","Rockies","26","110","101","27","5","1","3","11","13","7","19","1","1","1",".265",".317",".426",".743",".318","0.0","-0.2","0.0","850.7","11204"
"Corey Dickerson","Rays","143","602","556","140","34","3","24","67","74","40","149","2","4","3",".251",".302",".452",".754",".318","0.2","-0.7","0.9","275.7","10762"
"Kevin Kiermaier","Rays","142","595","540","140","27","7","15","73","58","43","111","6","21","8",".259",".319",".420",".739",".318","17.8","2.2","4.4","198.3","11038"
"Jayson Werth","Nationals","125","525","459","112","24","0","16","64","60","56","122","4","4","2",".244",".328",".400",".728",".318","-6.7","0.3","0.2","346.5","1327"
"Danny Valencia","Mariners","123","518","476","124","24","1","17","61","63","35","117","3","2","1",".261",".314",".426",".740",".318","-3.9","-1.4","0.5","315.3","6364"
"Addison Russell","Cubs","150","630","561","139","30","3","20","71","86","54","142","8","6","3",".248",".320",".421",".741",".318","9.9","0.4","3.5","118.4","14106"
"Joe Panik","Giants","143","602","539","147","27","5","9","71","60","51","61","5","4","2",".273",".338",".394",".732",".318","3.7","0.6","2.7","305.4","11936"
"Scott Van Slyke","Dodgers","29","121","107","26","6","0","4","13","14","11","30","2","2","1",".245",".325",".408",".733",".318","0.3","-0.3","0.3","992.7","4365"
"Carlos Gomez","Rangers","142","595","537","136","29","2","18","74","70","41","148","11","22","9",".254",".318",".416",".734",".318","3.4","1.3","2.3","163.6","4881"
"Raimel Tapia","Rockies","7","28","26","8","1","0","0","3","3","1","4","0","1","1",".294",".323",".418",".741",".317","0.2","-0.1","0.0","464.0","14350"
"Travis Shaw","Brewers","114","477","430","106","22","2","18","51","58","39","110","3","4","2",".245",".311",".432",".743",".317","0.2","-0.2","1.2","318.8","11982"
"Logan Morrison","Rays","108","455","404","99","19","2","15","52","52","42","84","5","5","3",".245",".321",".413",".734",".317","-1.6","-0.7","0.5","594.2","9205"
"Martin Prado","Marlins","142","595","544","154","29","3","9","64","61","40","69","5","2","2",".283",".335",".397",".731",".317","2.9","-1.5","2.0","318.7","3312"
"Robbie Grossman","Twins","83","350","304","76","14","1","8","39","34","41","85","2","5","4",".250",".341",".378",".718",".316","-2.5","-0.3","0.2","573.0","5254"
"Marcus Semien","Athletics","153","644","581","143","28","4","22","76","74","55","140","3","10","4",".247",".313",".420",".734",".316","-8.2","0.2","2.2","210.8","12533"
"Tommy Pham","Cardinals","47","196","175","43","8","2","6","23","20","18","54","1","5","2",".248",".322",".408",".730",".316","-0.8","0.3","0.3","749.5","2967"
"Pablo Sandoval","Red Sox","125","525","481","129","26","2","14","54","64","33","79","5","1","1",".268",".319",".417",".736",".316","-5.4","-1.7","0.7","347.0","5409"
"David Freese","Pirates","121","510","456","117","24","0","13","55","58","41","128","9","1","1",".256",".329",".395",".723",".316","-1.2","-2.2","0.9","481.2","9549"
"Luis Valbuena","Angels","130","546","475","110","23","1","19","61","62","62","124","4","2","1",".232",".324",".404",".727",".316","-0.7","-0.6","1.0","497.1","4969"
"Dilson Herrera","Reds","67","280","255","65","12","2","9","33","34","20","57","2","5","4",".256",".311",".422",".734",".316","-0.2","-0.5","0.8","646.6","14335"
"David Wright","Mets","60","254","224","56","11","1","7","29","26","27","62","1","3","2",".249",".332",".392",".723",".316","-1.3","-0.3","0.7","493.5","3787"
"Stephen Vogt","Athletics","115","482","437","113","23","3","14","53","55","38","80","2","1","1",".259",".318",".418",".737",".316","-1.5","-0.5","2.0","228.5","5000"
"Cody Bellinger","Dodgers","8","35","31","7","1","0","2","4","5","3","9","0","0","0",".234",".304",".433",".738",".316","0.1","0.0","0.1","999.0","sa737794"
"Nick Markakis","Braves","155","651","576","156","31","1","10","70","62","64","89","4","2","2",".271",".346",".380",".726",".316","-2.8","-1.3","0.5","336.7","5930"
"Desmond Jennings","Reds","95","400","353","86","18","2","11","46","40","38","85","4","9","4",".244",".321",".404",".725",".316","2.3","1.2","1.1","875.0","1965"
"Andre Ethier","Dodgers","94","395","352","90","18","4","9","39","45","34","76","4","2","2",".256",".327",".405",".732",".315","-1.7","-0.6","0.6","593.8","6265"
"Rob Segedin","Dodgers","8","35","32","8","1","0","1","4","4","2","8","1","0","0",".246",".309",".422",".732",".315","-0.2","0.0","0.1","845.1","11446"
"Mitch Moreland","Red Sox","108","455","412","103","24","0","16","48","62","33","108","6","1","0",".249",".312",".424",".736",".315","3.4","-0.8","0.5","320.0","3086"
"Javier Baez","Cubs","102","430","397","102","19","1","16","49","57","22","111","7","12","4",".256",".304",".433",".737",".315","1.9","1.1","1.5","118.8","12979"
"Jhonny Peralta","Cardinals","125","525","475","123","26","1","14","53","59","40","95","4","2","2",".259",".319",".410",".730",".315","0.8","-2.1","1.5","428.8","1738"
"Gerardo Parra","Rockies","83","349","325","90","19","3","7","40","36","17","60","2","6","4",".278",".316",".420",".736",".315","0.5","-0.3","-0.2","431.2","8553"
"Yadier Molina","Cardinals","125","524","482","137","28","1","8","48","57","32","62","4","3","2",".283",".330",".396",".726",".315","5.2","-2.6","2.6","225.9","7007"
"Tyler Naquin","Indians","125","525","471","122","22","4","13","58","54","43","148","5","10","5",".259",".325",".405",".730",".315","-3.5","0.1","1.2","314.0","13359"
"Eugenio Suarez","Reds","142","595","536","134","25","2","19","66","69","45","143","7","9","6",".250",".314",".412",".727",".314","0.0","-0.8","1.5","283.5","12552"
"Cheslor Cuthbert","Royals","23","98","90","24","5","0","3","10","11","7","17","0","1","0",".267",".317",".412",".729",".314","-0.3","-0.2","0.1","452.5","10473"
"Asdrubal Cabrera","Mets","137","574","522","133","29","3","17","66","64","40","106","6","5","2",".255",".313",".420",".734",".314","-9.1","-0.5","1.3","276.9","4962"
"Ryan Zimmerman","Nationals","112","470","425","106","23","1","16","54","65","36","101","3","3","1",".249",".309",".424",".733",".314","-0.8","-0.3","0.2","386.7","4220"
"Wilmer Flores","Mets","66","277","257","68","13","1","10","31","36","15","39","2","1","1",".263",".306",".430",".736",".314","-1.5","-0.4","0.5","405.7","5827"
"Jesus Aguilar","Brewers","25","105","95","23","4","0","4","12","13","8","24","1","0","0",".244",".306",".430",".736",".314","0.4","0.0","0.1","913.7","11342"
"Brian McCann","Astros","100","419","371","87","13","1","17","48","57","38","80","6","0","0",".235",".315",".412",".727",".314","-0.1","-1.5","1.9","201.6","4810"
"Kolten Wong","Cardinals","108","455","408","106","16","5","10","51","45","33","71","8","10","4",".260",".325",".400",".725",".314","1.8","1.2","1.6","323.4","12532"
"Brandon Crawford","Giants","148","623","555","143","28","7","14","65","76","54","124","6","6","3",".257",".327",".412",".739",".314","8.4","0.4","3.5","212.6","5343"
"Tommy La Stella","Cubs","15","63","56","15","3","0","1","6","6","6","8","1","0","0",".268",".340",".375",".715",".314","-0.5","-0.1","0.1","909.3","12371"
"Chris Iannetta","Diamondbacks","38","160","136","31","7","0","4","15","17","21","39","1","1","0",".228",".332",".380",".712",".314","-1.1","-0.3","0.5","652.7","8267"
"Justin Smoak","Blue Jays","112","469","412","94","19","0","19","53","61","49","129","3","1","1",".227",".313",".412",".725",".314","0.0","-1.5","0.2","548.3","9054"
"Yonder Alonso","Athletics","108","455","408","109","25","1","8","49","48","39","61","2","4","2",".266",".331",".390",".722",".314","1.9","-1.1","0.8","556.3","2530"
"Jay Bruce","Mets","142","595","538","129","28","4","24","70","85","49","135","3","6","3",".239",".303",".439",".742",".313","-4.2","-0.4","0.6","191.5","9892"
"Byron Buxton","Twins","142","595","543","136","26","8","18","74","68","39","174","5","18","6",".251",".305",".427",".732",".313","5.6","2.3","2.6","153.1","14161"
"Jordan Patterson","Rockies","12","50","45","11","2","0","1","5","5","3","13","1","1","1",".254",".316",".408",".724",".313","0.1","0.0","0.0","832.7","15119"
"Devin Mesoraco","Reds","91","384","341","80","16","1","15","41","43","33","84","6","3","2",".233",".311",".415",".726",".313","-3.2","-0.8","1.2","286.6","5666"
"Mark Canha","Athletics","72","301","271","67","14","1","9","35","36","22","72","4","3","2",".248",".313",".411",".723",".313","-1.2","0.1","0.5","662.0","11445"
"Yunel Escobar","Angels","133","560","506","141","24","1","8","61","48","42","71","5","2","2",".278",".337",".376",".713",".313","-5.6","-2.3","1.3","445.0","4191"
"Howie Kendrick","Phillies","114","478","435","119","22","2","8","54","45","36","83","3","7","3",".273",".331",".390",".721",".313","-0.1","-0.4","0.7","330.8","4229"
"Lonnie Chisenhall","Indians","100","420","383","101","23","2","10","45","52","27","81","3","4","1",".264",".315",".416",".731",".313","1.0","0.8","0.8","452.3","7571"
"Denard Span","Giants","140","588","531","145","27","5","7","70","44","47","68","3","15","6",".273",".333",".382",".715",".313","-5.4","1.1","1.5","333.7","8347"
"Justin Morneau","","83","350","321","84","17","2","10","35","40","22","65","3","1","1",".261",".312",".418",".730",".312","0.2","-1.0","0.1","891.8","1737"
"Josh Harrison","Pirates","139","585","546","154","33","5","8","65","59","24","87","6","16","7",".282",".318",".407",".724",".312","-0.2","1.2","1.8","280.8","8202"
"J.T. Realmuto","Marlins","107","448","416","114","23","3","9","47","47","24","79","3","9","4",".274",".317",".408",".725",".312","-0.4","0.3","2.0","131.9","11739"
"Brock Holt","Red Sox","103","434","390","106","22","2","5","48","41","35","81","3","8","3",".272",".335",".375",".711",".312","-1.5","1.1","0.9","550.4","9345"
"Steven Moya","Tigers","33","140","133","33","6","1","7","16","20","6","41","1","1","1",".248",".280",".460",".740",".312","-0.3","0.0","0.1","635.5","11854"
"Steven Souza Jr.","Rays","133","560","500","119","21","1","20","66","62","49","177","6","13","7",".238",".310",".408",".719",".312","0.8","0.7","1.2","345.1","5667"
"Rob Refsnyder","Yankees","40","168","150","40","8","1","3","19","17","14","30","2","3","1",".263",".330",".386",".716",".312","-0.9","-0.1","0.4","804.2","13770"
"Ryan Raburn","","54","228","202","47","10","1","8","24","29","21","62","2","1","0",".234",".311",".411",".723",".312","-1.2","-0.3","0.1","901.8","2218"
"Ryan Raburn","","58","245","217","51","11","1","8","26","32","23","67","2","1","0",".234",".311",".411",".723",".312","-1.7","-0.3","0.1","901.8","2218"
"Avisail Garcia","White Sox","128","539","491","128","20","2","16","64","64","37","132","6","6","5",".260",".316",".404",".720",".311","-2.7","-1.0","0.1","453.0","5760"
"Nori Aoki","Astros","73","308","276","75","12","2","3","35","25","23","30","4","7","4",".273",".336",".371",".707",".311","-1.4","-0.8","0.4","555.8","13075"
"Jeimer Candelario","Cubs","7","28","25","6","2","0","1","3","3","2","6","0","0","0",".251",".318",".403",".720",".311","-0.1","0.0","0.1","900.8","13621"
"Josh Hamilton","Rangers","10","42","38","10","2","0","2","5","5","3","12","0","0","0",".250",".304",".428",".732",".311","-0.1","0.0","0.0","751.6","1875"
"Chase Headley","Yankees","133","560","496","124","22","1","14","62","59","52","125","7","5","3",".249",".326",".385",".712",".311","3.5","-0.2","2.0","424.9","4720"
"Elvis Andrus","Rangers","150","630","567","157","31","4","7","70","61","48","81","3","25","10",".276",".333",".381",".714",".311","-4.7","1.6","1.7","172.5","8709"
"Ender Inciarte","Braves","147","616","563","159","26","5","6","77","42","41","75","3","20","8",".283",".333",".383",".716",".311","8.3","1.5","2.6","219.6","4922"
"Welington Castillo","Orioles","99","416","376","92","17","0","15","42","54","30","105","5","1","1",".246",".308",".416",".724",".311","-1.7","-1.1","1.5","216.0","3256"
"Travis d'Arnaud","Mets","91","384","347","87","17","1","11","42","41","30","68","3","1","0",".251",".315",".405",".720",".311","-2.6","-0.3","1.5","285.7","7739"
"Lewis Brinson","Brewers","2","7","6","2","0","0","0","1","1","0","2","0","0","0",".251",".294",".435",".729",".311","0.0","0.0","0.0","999.0","sa657923"
"Brandon Nimmo","Mets","8","35","31","8","1","0","1","4","3","3","8","0","0","0",".254",".328",".383",".711",".311","-0.1","-0.1","0.0","662.6","12927"
"Salvador Perez","Royals","122","512","483","126","25","2","19","53","65","20","91","5","1","0",".261",".295",".437",".732",".311","6.6","-1.8","2.7","189.9","7304"
"Jorge Polanco","Twins","107","448","412","111","19","5","8","48","48","28","72","2","9","6",".269",".317",".402",".719",".310","-3.7","-0.5","1.1","350.5","13152"
"Eduardo Nunez","Giants","135","568","527","145","26","5","11","62","59","29","84","4","29","11",".276",".316",".406",".722",".310","1.5","1.5","2.1","108.4","6848"
"Tyler Austin","Yankees","42","175","157","37","8","1","6","20","21","15","51","1","2","1",".237",".306",".411",".717",".310","-0.3","0.1","0.2","585.3","11850"
"Mitch Haniger","Mariners","125","525","471","114","21","3","18","58","61","40","125","7","7","4",".243",".309",".411",".720",".310","2.3","-0.1","1.2","340.2","14274"
"Dansby Swanson","Braves","150","630","566","145","29","6","13","73","65","53","130","5","9","4",".256",".322",".399",".722",".310","1.7","0.5","2.2","172.2","18314"
"Jefry Marte","Angels","23","98","89","22","4","0","4","11","12","7","21","1","1","1",".243",".302",".417",".719",".310","-0.1","-0.1","0.2","382.8","5107"
"Cesar Hernandez","Phillies","142","595","529","143","18","8","5","68","43","56","115","3","18","10",".271",".342",".362",".704",".310","-0.4","0.2","1.5","289.6","10556"
"Brandon Drury","Diamondbacks","95","400","371","98","23","1","10","41","43","23","72","3","2","2",".265",".311",".409",".720",".310","-2.8","-0.8","0.3","258.5","11615"
"Trevor Plouffe","Athletics","125","525","477","118","26","2","16","56","65","39","102","3","2","1",".248",".307",".411",".718",".310","-4.5","-1.2","1.2","423.4","7462"
"Matt Skole","Nationals","2","7","6","1","0","0","0","1","1","1","2","0","0","0",".230",".315",".398",".713",".309","0.0","0.0","0.0","999.0","sa526563"
"Jose Martinez","Cardinals","25","105","96","26","5","0","2","11","10","7","18","0","1","1",".272",".324",".390",".713",".309","-0.5","0.0","0.1","999.0","7996"
"Clint Robinson","Nationals","46","194","172","43","8","1","5","20","22","18","36","2","1","0",".251",".326",".382",".707",".309","-0.6","-0.5","0.1","791.7","6908"
"Starlin Castro","Yankees","118","497","466","126","23","1","14","52","60","22","89","3","4","2",".269",".305",".416",".722",".308","-1.4","-1.0","1.1","248.7","4579"
"Jurickson Profar","Rangers","120","504","451","114","19","4","11","56","50","42","91","5","7","4",".252",".322",".382",".704",".308","-0.1","-0.6","0.5","338.4","10815"
"Jarrett Parker","Giants","99","416","367","84","14","3","14","47","47","40","142","6","6","4",".228",".312",".395",".707",".308","0.3","-0.3","0.6","654.8","11624"
"Jake Smolinski","Athletics","30","126","114","29","6","1","3","13","13","9","22","2","1","1",".252",".313",".395",".708",".308","-0.4","-0.1","0.2","824.1","5408"
"Mac Williamson","Giants","82","346","312","77","15","1","11","38","40","25","89","6","3","1",".245",".310",".404",".714",".308","0.1","-0.1","0.5","799.4","14158"
"Didi Gregorius","Yankees","133","560","515","135","25","2","14","61","62","30","83","7","5","2",".262",".310",".404",".714",".307","-0.4","1.4","2.0","253.3","6012"
"Matt Wieters","Nationals","99","416","379","95","17","1","14","42","52","29","80","3","1","0",".250",".304",".411",".715",".307","0.5","-0.8","1.5","231.0","4298"
"Scooter Gennett","Brewers","42","175","163","43","9","1","4","19","18","10","33","1","2","1",".267",".310",".406",".716",".307","-1.2","-0.1","0.2","496.2","10339"
"Alex Avila","Tigers","50","211","177","38","8","0","5","21","19","31","68","1","0","1",".216",".332",".353",".686",".307","-0.4","-0.8","0.8","794.6","7476"
"Kevin Pillar","Blue Jays","138","581","543","148","35","2","11","63","62","25","90","5","15","6",".273",".309",".404",".713",".307","10.7","1.4","2.7","301.0","12434"
"Wilson Ramos","Rays","94","396","368","95","15","0","15","39","51","22","71","1","0","0",".258",".300",".418",".718",".307","0.9","-1.4","1.1","261.0","1433"
"Christian Walker","Reds","2","7","6","2","0","0","0","1","1","0","2","0","0","0",".242",".296",".419",".716",".307","0.0","0.0","0.0","883.7","13419"
"Stephen Drew","Nationals","57","241","215","50","12","1","8","25","28","22","48","2","1","1",".231",".303",".408",".711",".306","-0.3","-0.6","0.4","754.2","4251"
"Ryan Rua","Rangers","73","308","279","68","12","1","10","36","33","22","81","4","5","2",".243",".307",".401",".708",".306","0.3","0.1","0.1","501.5","12409"
"Jacoby Ellsbury","Yankees","133","560","506","133","22","4","10","67","52","43","84","4","21","6",".262",".323",".377",".700",".305","-0.2","2.2","1.6","245.2","4727"
"Kirk Nieuwenhuis","Brewers","88","370","325","71","17","2","13","41","45","39","116","2","7","5",".218",".305",".398",".703",".305","0.3","0.0","0.3","860.3","6400"
"Jean Segura","Mariners","148","623","579","157","25","5","12","73","56","28","96","8","26","9",".271",".312",".394",".706",".305","-3.5","2.0","2.1","58.2","5933"
"Cameron Maybin","Angels","127","532","480","125","22","4","8","61","53","44","103","3","16","7",".260",".324",".373",".696",".305","-3.3","0.7","0.6","297.5","5223"
"Jason Rogers","Pirates","15","63","56","14","3","0","1","6","7","6","13","0","0","0",".249",".318",".381",".698",".305","-0.3","0.0","0.0","999.0","11773"
"Dustin Garneau","Rockies","30","128","116","28","6","0","4","13","15","8","25","2","1","1",".245",".303",".404",".707",".305","0.3","-0.1","0.2","865.6","9433"
"Austin Barnes","Dodgers","46","194","174","43","8","1","4","20","20","17","32","2","4","2",".249",".319",".376",".695",".304","-0.5","0.2","0.8","536.9","12158"
"Matt Olson","Athletics","17","70","61","13","4","0","2","8","8","8","18","0","0","0",".220",".312",".388",".700",".304","-0.1","0.0","0.1","774.6","14344"
"Ketel Marte","Diamondbacks","100","421","389","110","22","3","3","47","36","23","61","1","14","6",".282",".321",".379",".700",".304","-1.9","0.6","0.4","271.5","13613"
"Conor Gillaspie","Giants","60","251","231","60","12","3","5","24","28","16","39","1","1","1",".261",".309",".402",".711",".304","-1.3","-0.2","0.4","851.4","9009"
"Steve Selsky","Red Sox","2","7","6","2","0","0","0","1","1","1","2","0","0","0",".247",".316",".377",".693",".304","0.0","0.0","0.0","999.0","12957"
"Colby Rasmus","Rays","117","490","437","97","18","1","20","54","61","47","150","2","4","2",".221",".297",".406",".703",".304","5.8","0.9","1.3","460.4","9893"
"Abraham Almonte","Indians","17","70","63","16","4","1","1","8","7","5","16","0","2","1",".256",".313",".389",".701",".304","0.4","0.1","0.2","714.4","5486"
"Delmon Young","","50","210","195","51","9","1","6","22","24","10","42","2","2","1",".262",".303",".402",".705",".304","-3.0","-0.5","-0.2","999.0","2140"
"Cristhian Adames","Rockies","20","85","77","21","3","1","1","8","8","6","14","1","2","1",".269",".324",".372",".695",".304","0.2","-0.1","0.0","911.7","6013"
"Angel Pagan","","117","490","450","121","22","3","7","54","45","33","71","1","11","5",".269",".318",".380",".698",".303","-2.2","0.6","0.1","465.6","2918"
"Mike Zunino","Mariners","99","416","373","81","15","1","19","46","54","29","126","9","1","1",".218",".289",".415",".704",".303","-0.1","-0.2","1.8","300.8","13265"
"Trayce Thompson","Dodgers","37","155","142","33","7","1","6","17","19","11","40","1","3","1",".231",".288",".419",".707",".303","-0.1","0.3","0.3","521.5","9952"
"Cory Spangenberg","Padres","88","371","335","87","15","6","5","39","39","26","81","2","9","4",".258",".314",".388",".701",".303","-0.2","0.8","0.9","522.7","12294"
"Phillip Ervin","Reds","2","7","6","1","0","0","0","1","1","1","2","0","0","0",".231",".309",".386",".695",".303","0.0","0.0","0.0","999.0","sa708965"
"Andrew Susac","Brewers","69","288","257","60","12","1","8","30","31","26","76","2","1","0",".234",".307",".391",".699",".303","-0.8","0.0","0.8","447.9","13132"
"Aaron Hicks","Yankees","103","434","385","93","17","2","11","48","45","42","88","1","8","4",".241",".314",".381",".696",".303","0.3","0.1","0.6","624.3","5297"
"Matt Duffy","Rays","125","525","482","127","22","3","10","58","53","32","90","5","10","4",".264",".313",".385",".698",".303","-2.1","0.4","1.6","335.8","13836"
"Andrew Toles","Dodgers","69","289","271","72","16","3","5","31","30","13","58","3","12","6",".267",".304",".400",".705",".302","2.4","0.2","0.6","338.3","13414"
"Cody Asche","White Sox","20","84","76","18","4","0","3","9","10","6","22","1","1","0",".239",".301",".401",".702",".302","-0.4","0.0","0.0","834.5","11997"
"Chris Heisey","Nationals","26","108","96","22","4","0","4","13","12","10","28","1","1","1",".226",".301",".398",".699",".302","0.2","0.1","0.1","999.0","3978"
"Jose Peraza","Reds","142","595","554","155","23","6","7","63","53","25","76","5","31","14",".280",".314",".385",".699",".302","1.6","0.9","1.2","129.0","13593"
"Jon Jay","Cubs","99","414","371","99","19","2","4","43","35","27","77","11","4","2",".267",".331",".355",".687",".302","-2.0","0.0","0.5","589.7","5227"
"Blake Swihart","Red Sox","33","137","124","32","6","1","2","15","13","11","30","1","2","1",".257",".317",".376",".693",".302","0.0","0.0","0.0","469.1","13176"
"Preston Tucker","Astros","3","14","13","3","1","0","1","2","2","1","3","0","0","0",".237",".292",".414",".705",".302","0.0","0.0","0.0","884.7","13633"
"Marlon Byrd","","83","350","323","78","16","2","13","35","47","20","101","2","1","1",".242",".288",".422",".710",".302","0.1","-0.4","0.1","999.0","950"
"Austin Jackson","Indians","50","210","191","50","11","1","3","24","20","15","49","1","5","2",".259",".314",".377",".691",".301","-1.0","0.1","0.2","686.6","9848"
"Adonis Garcia","Braves","142","595","561","150","30","1","15","63","66","23","98","6","5","3",".267",".301",".402",".703",".301","-5.0","-1.0","0.4","325.2","13777"
"Coco Crisp","","100","420","376","90","21","3","10","48","43","38","71","1","9","4",".238",".308",".387",".695",".301","-2.1","0.2","0.0","733.2","1572"
"Jonny Gomes","","67","280","244","54","9","1","9","29","31","29","84","3","3","2",".223",".313",".375",".687",".301","0.0","-0.1","-0.3","999.0","1845"
"Jeff Baker","","25","105","95","23","4","1","3","11","12","8","28","1","2","1",".239",".298",".401",".699",".301","-0.8","-0.3","-0.1","999.0","2073"
"Jose Reyes","Mets","110","463","424","111","19","3","9","56","39","32","64","1","15","5",".262",".312",".383",".695",".301","-4.9","1.1","0.6","256.7","1736"
"Gavin Cecchini","Mets","2","7","6","2","0","0","0","1","1","0","1","0","0","0",".262",".316",".373",".689",".301","0.0","0.0","0.0","783.1","17005"
"Keon Broxton","Brewers","125","525","464","102","20","6","16","59","55","53","184","2","28","12",".219",".301",".393",".694",".301","4.6","1.1","1.2","204.2","9253"
"Andres Blanco","Phillies","100","419","381","96","23","2","8","45","40","26","77","6","5","4",".251",".308",".384",".693",".301","-2.3","-1.8","0.2","787.5","1907"
"Robinson Chirinos","Rangers","23","96","85","19","4","0","3","11","11","8","23","2","0","0",".226",".299",".393",".692",".301","0.4","-0.2","0.3","567.3","3142"
"Marwin Gonzalez","Astros","50","210","195","50","10","1","5","23","22","10","44","2","4","2",".257",".297",".400",".698",".301","0.7","-0.5","0.3","480.0","5497"
"Hunter Renfroe","Padres","137","575","539","132","26","3","22","65","75","28","146","3","4","2",".244",".283",".426",".710",".301","2.4","0.2","0.6","204.3","15464"
"Aristides Aquino","Reds","2","7","7","2","0","0","0","1","1","0","2","0","0","0",".244",".285",".421",".706",".301","0.0","0.0","0.0","999.0","sa597058"
"Miguel Montero","Cubs","53","224","193","45","7","0","6","21","26","26","49","2","1","1",".232",".327",".363",".690",".300","-1.6","-0.8","0.5","472.4","3364"
"David DeJesus","","75","315","281","68","14","2","6","33","31","26","58","4","4","3",".242",".313",".374",".687",".300","-0.5","-0.8","0.0","999.0","1825"
"A.J. Ellis","Marlins","29","122","103","24","5","0","2","10","12","15","22","1","1","1",".232",".332",".345",".678",".300","0.0","-0.5","0.4","892.9","5677"
"Eddie Rosario","Twins","97","406","383","100","19","4","11","48","46","16","92","1","8","5",".261",".292",".415",".707",".300","2.4","0.4","0.5","373.8","12155"
"Kyle Higashioka","Yankees","23","96","89","21","4","0","3","11","13","6","21","0","0","0",".242",".290",".412",".702",".300","-0.5","-0.1","0.3","937.3","sa454957"
"Yoan Moncada","White Sox","63","266","234","54","11","1","6","28","25","26","74","3","13","6",".232",".315",".370",".685",".300","-1.3","0.3","0.3","249.2","17232"
"Tyler Flowers","Braves","72","303","273","66","13","0","9","26","33","21","91","6","0","1",".240",".306",".382",".688",".300","-2.6","-1.0","0.6","338.3","9134"
"Jeremy Hazelbaker","Diamondbacks","20","85","77","18","3","1","2","9","9","6","25","1","3","1",".238",".296",".402",".698",".300","-0.1","0.1","0.0","678.3","9399"
"J.P. Crawford","Phillies","83","350","310","77","14","2","5","36","31","35","57","1","6","4",".247",".323",".355",".678",".300","1.1","-0.4","0.9","999.0","sa737507"
"Delino DeShields","Rangers","53","224","196","48","9","1","3","28","18","22","55","2","12","5",".245",".324",".352",".676",".300","-1.1","0.9","0.1","490.9","11379"
"Dylan Cozens","Phillies","5","23","21","5","1","0","1","3","3","2","8","0","1","0",".233",".287",".414",".701",".299","0.0","0.0","0.0","999.0","sa657955"
"Anthony Santander","Orioles","33","140","128","31","7","0","5","16","17","8","36","2","2","1",".240",".292",".404",".696",".299","-0.6","-0.1","0.1","999.0","sa659463"
"Bryce Brentz","Red Sox","2","7","6","2","0","0","0","1","1","0","2","0","0","0",".242",".292",".402",".694",".299","0.0","0.0","0.0","999.0","10607"
"Derek Norris","","84","352","315","73","16","1","10","39","40","31","88","3","5","2",".232",".305",".387",".692",".299","-1.8","0.0","1.0","316.7","6867"
"Greg Garcia","Cardinals","38","160","139","34","7","1","1","16","12","17","32","2","2","1",".248",".338",".334",".672",".299","0.1","0.2","0.3","616.0","10951"
"Jordy Mercer","Pirates","117","490","443","115","22","2","9","48","50","36","77","4","2","1",".259",".318",".380",".698",".299","-3.3","0.2","1.0","497.7","6547"
"Hector Sanchez","","53","224","205","50","10","0","8","21","28","13","50","2","1","0",".242",".292",".401",".693",".299","-2.6","0.0","0.5","984.8","10289"
"Brett Phillips","Brewers","2","7","6","1","0","0","0","1","1","1","2","0","0","0",".229",".300",".389",".689",".299","0.0","0.0","0.0","999.0","sa658005"
"Eduardo Escobar","Twins","88","371","342","87","20","2","7","37","39","22","72","2","3","2",".255",".303",".389",".691",".299","-1.7","-0.2","0.6","534.7","6153"
"Anthony Garcia","Cardinals","7","28","25","6","1","0","1","3","3","2","6","0","0","0",".237",".303",".384",".687",".298","-0.1","0.0","0.0","999.0","sa502038"
"Adam Frazier","Pirates","33","140","128","35","6","1","1","14","11","9","19","1","4","3",".271",".324",".353",".678",".298","0.4","-0.4","0.2","561.2","15223"
"Juan Uribe","","83","350","321","79","16","0","11","34","41","23","71","2","1","0",".247",".299",".396",".695",".298","4.4","-0.5","1.0","999.0","454"
"Marco Hernandez","Red Sox","3","14","13","4","1","0","0","1","1","1","3","0","0","0",".270",".303",".390",".693",".298","-0.1","0.0","0.0","886.5","13154"
"Nick Franklin","Rays","67","280","252","60","12","1","7","30","29","24","67","1","6","2",".238",".305",".380",".685",".298","-1.4","0.4","0.3","542.6","10166"
"Jose Iglesias","Tigers","137","574","525","144","26","1","6","60","47","31","60","8","11","6",".273",".321",".359",".680",".298","3.6","-0.7","1.7","489.0","10231"
"Albert Almora","Cubs","87","364","343","92","19","3","6","38","38","14","53","1","6","3",".269",".298",".395",".694",".298","1.6","0.0","0.6","495.4","14109"
"Dee Gordon","Marlins","150","630","586","165","20","9","3","80","39","33","95","3","50","16",".282",".321",".362",".683",".298","0.6","4.6","1.5","57.1","8203"
"Eliezer Alvarez","Cardinals","2","7","6","2","0","0","0","1","1","0","1","0","0","0",".259",".313",".372",".685",".298","0.0","0.0","0.0","999.0","sa657261"
"Brandon Phillips","Braves","130","546","512","141","25","1","9","56","57","22","69","6","11","6",".275",".309",".379",".688",".298","2.0","-1.1","0.9","291.9","791"
"Aaron Altherr","Phillies","92","385","345","80","18","2","10","42","44","30","105","6","9","4",".231",".302",".386",".687",".297","2.9","0.1","0.4","431.5","11270"
"Geovany Soto","White Sox","61","256","231","52","11","0","10","27","29","20","73","1","1","1",".224",".288",".400",".688",".297","-0.9","-0.6","0.7","622.9","3707"
"Renato Nunez","Athletics","3","14","13","3","1","0","1","2","2","1","3","0","0","0",".240",".281",".415",".696",".297","-0.1","0.0","0.0","890.4","14503"
"Zack Cozart","Reds","133","560","513","127","27","3","14","64","57","35","91","4","5","2",".247",".298",".393",".691",".297","6.2","0.4","1.7","374.0","2616"
"Chris Taylor","Dodgers","17","70","63","16","3","1","1","7","6","5","15","0","2","1",".256",".316",".363",".680",".297","0.4","0.1","0.2","972.8","13757"
"Chris Owings","Diamondbacks","68","286","267","70","14","4","4","29","28","14","58","2","9","3",".263",".302",".392",".694",".297","-1.1","0.9","0.3","313.1","10030"
"Jose Osuna","Pirates","2","7","7","2","0","0","0","1","1","0","1","0","0","0",".253",".295",".397",".692",".297","0.0","0.0","0.0","999.0","sa546540"
"Tony Kemp","Astros","18","77","68","18","3","1","1","8","6","7","12","1","3","1",".256",".325",".344",".669",".297","-0.1","-0.1","0.1","945.8","14894"
"Jace Peterson","Braves","46","193","169","41","8","1","2","19","16","20","36","1","4","3",".243",".325",".348",".673",".297","-0.4","-0.1","0.1","598.2","12325"
"Guillermo Heredia","Mariners","30","126","111","28","4","0","1","13","11","10","19","2","2","1",".254",".328",".338",".666",".297","-0.1","-0.1","0.1","905.6","18721"
"Josh Phegley","Athletics","30","128","118","28","7","0","4","14","16","7","24","2","0","0",".241",".290",".399",".689",".297","0.4","-0.1","0.5","628.4","9308"
"Phil Gosselin","Pirates","12","49","45","12","2","0","1","5","4","2","8","0","1","0",".270",".310",".371",".681",".297","-0.2","0.1","0.1","840.6","10953"
"Miguel Gomez","Giants","2","7","7","2","0","0","0","1","1","0","1","0","0","0",".269",".294",".398",".692",".297","0.0","0.0","0.0","999.0","sa657484"
"Matt Chapman","Athletics","13","56","51","11","2","0","2","7","7","5","17","0","1","0",".214",".282",".412",".694",".296","0.4","0.0","0.1","999.0","sa828672"
"Andrelton Simmons","Angels","150","630","581","155","28","3","9","64","61","38","57","4","8","4",".267",".314",".369",".683",".296","14.8","-0.7","3.4","389.2","10847"
"Nick Williams","Phillies","9","36","34","8","2","0","1","4","4","1","9","0","0","0",".247",".281",".416",".696",".296","0.1","0.0","0.0","999.0","sa657981"
"Dalton Pompey","Blue Jays","50","210","189","46","8","2","4","23","19","17","47","1","9","3",".246",".312",".362",".674",".296","0.4","0.6","0.2","700.5","12797"
"Jed Lowrie","Athletics","115","483","434","109","23","1","8","50","45","38","77","4","1","1",".252",".315",".365",".680",".296","-2.4","-0.8","0.4","537.2","4418"
"Joey Rickard","Orioles","58","245","219","55","11","1","3","26","20","20","49","3","5","2",".252",".319",".349",".668",".296","-2.9","0.1","-0.2","749.6","13277"
"Drew Robinson","Rangers","15","63","56","12","2","1","2","7","7","6","20","0","1","1",".217",".296",".382",".678",".295","-0.1","0.0","0.0","999.0","sa548300"
"Jason Castro","Twins","99","416","369","82","18","2","11","44","43","39","121","3","2","1",".222",".301",".374",".675",".295","2.0","-0.4","1.4","360.0","8722"
"Corey Hart","","50","210","193","45","9","1","8","22","26","12","57","3","2","1",".232",".284",".404",".688",".295","-1.0","-0.7","-0.3","999.0","1945"
"Enrique Hernandez","Dodgers","37","156","141","34","7","1","4","16","15","12","32","1","1","1",".239",".300",".380",".679",".295","-0.2","-0.1","0.3","765.1","10472"
"Jose Marmolejos","Nationals","2","7","6","2","0","0","0","1","1","0","2","0","0","0",".248",".301",".382",".682",".295","0.0","0.0","0.0","999.0","sa598311"
"Cameron Rupp","Phillies","91","384","352","82","17","1","12","37","45","25","107","4","1","0",".233",".290",".394",".684",".295","0.0","-0.5","1.0","268.1","11146"
"Rajai Davis","Athletics","133","560","513","125","28","3","13","67","63","32","109","7","17","6",".244",".294",".387",".681",".295","-1.7","1.9","1.2","229.2","3708"
"Daniel Descalso","Diamondbacks","43","180","159","38","8","1","3","18","18","17","37","1","2","1",".239",".314",".365",".679",".294","-0.7","0.1","-0.1","832.5","8392"
"Aaron Hill","Giants","15","63","57","14","3","0","1","6","7","5","10","0","1","0",".248",".309",".366",".675",".294","-0.4","-0.1","0.1","682.0","6104"
"Hernan Perez","Brewers","116","488","460","121","23","4","10","48","52","19","92","2","21","7",".264",".293",".392",".686",".294","-0.1","1.8","0.1","231.7","5751"
"Gorkys Hernandez","Giants","73","305","275","70","13","1","4","31","27","23","63","3","9","5",".254",".315",".355",".670",".294","0.3","-0.2","0.3","956.3","4146"
"Yan Gomes","Indians","84","352","328","78","17","1","12","38","46","16","88","4","1","1",".238",".279",".411",".690",".294","2.3","-0.2","1.3","312.3","9627"
"Rio Ruiz","Braves","39","165","147","35","7","1","3","16","16","15","41","1","1","1",".236",".308",".364",".673",".294","0.0","-0.1","0.1","787.2","14103"
"Ezequiel Carrera","Blue Jays","100","420","377","95","15","3","6","47","38","30","90","4","14","6",".251",".311",".357",".668",".294","1.0","0.7","0.2","633.1","9048"
"Darrell Ceciliani","Blue Jays","17","70","65","16","3","0","2","8","8","4","18","1","2","1",".246",".292",".391",".683",".293","0.1","0.1","0.0","999.0","9954"
"Dioner Navarro","","61","256","234","58","10","1","6","23","30","18","46","1","1","1",".247",".299",".379",".678",".293","-1.9","-0.8","0.5","777.0","3179"
"Sandy Leon","Red Sox","84","352","316","77","16","1","6","36","33","28","81","3","1","1",".244",".309",".363",".672",".293","4.1","-0.6","1.3","293.7","5273"
"Ben Gamel","Mariners","70","294","269","68","13","3","5","32","28","20","64","1","7","3",".253",".306",".372",".678",".293","-1.4","0.1","0.0","625.5","12160"
"Victor Caratini","Cubs","1","6","6","1","0","0","0","1","1","1","1","0","0","0",".245",".313",".355",".667",".293","0.0","0.0","0.0","999.0","sa737618"
"T.J. Rivera","Mets","48","200","187","50","9","1","3","20","20","8","31","2","1","1",".269",".305",".371",".677",".293","0.1","0.0","0.3","606.6","12495"
"Daniel Palka","Twins","7","28","26","6","1","0","1","3","3","2","9","0","1","0",".221",".278",".407",".685",".293","-0.1","0.0","0.0","999.0","sa549449"
"Ehire Adrianza","Twins","17","70","63","15","3","0","1","7","6","5","13","1","1","1",".245",".306",".362",".668",".293","0.0","-0.1","0.1","870.7","8418"
"Taylor Motter","Mariners","15","63","57","14","3","0","2","7","7","4","12","0","2","1",".239",".296",".380",".676",".293","-0.5","0.0","0.1","918.1","12399"
"Carlos Asuaje","Padres","15","65","59","15","3","1","1","6","6","5","12","0","1","1",".248",".306",".365",".671",".293","-0.1","0.0","0.1","767.3","15197"
"Chase Utley","Dodgers","45","187","169","40","9","1","4","21","19","13","36","3","1","1",".238",".302",".372",".674",".293","0.2","0.2","0.2","577.3","1679"
"Tyler Saladino","White Sox","100","420","385","97","16","2","9","46","43","25","82","3","15","5",".251",".299",".374",".674",".293","2.2","0.8","0.9","424.1","10807"
"Cole Gillespie","","50","210","189","48","9","1","3","22","19","17","37","1","3","1",".251",".312",".355",".667",".293","-0.7","0.1","-0.1","999.0","5888"
"Alejandro De Aza","Athletics","35","147","131","31","6","1","3","16","14","12","34","2","3","2",".237",".308",".361",".669",".292","-0.4","-0.1","0.1","925.3","3371"
"Adam Rosales","Athletics","77","322","289","66","13","2","9","36","33","27","91","3","4","3",".228",".298",".376",".674",".292","0.1","-0.3","0.6","785.9","9682"
"Manuel Margot","Padres","133","560","520","134","24","7","7","60","48","30","79","3","24","12",".258",".300",".374",".674",".292","4.9","0.3","1.3","246.1","14712"
"Grady Sizemore","","25","105","95","23","5","0","2","11","10","8","22","1","1","1",".241",".300",".369",".669",".292","-1.4","-0.2","-0.2","999.0","2197"
"Brett Nicholas","Rangers","8","32","30","7","1","0","1","3","3","2","7","0","0","0",".249",".296",".378",".674",".292","-0.2","0.0","0.1","999.0","11192"
"Anthony Recker","Braves","26","111","97","21","4","0","4","11","12","11","34","1","1","0",".213",".299",".368",".667",".292","-1.1","0.0","0.1","763.1","4063"
"Christian Colon","Royals","72","301","275","72","12","0","3","29","26","19","40","2","6","3",".262",".315",".347",".662",".292","1.4","-0.3","0.5","802.3","11145"
"Samir Duenez","Royals","2","7","7","2","0","0","0","1","1","0","1","0","0","0",".257",".294",".384",".677",".292","0.0","0.0","0.0","999.0","sa739574"
"Ronald Torreyes","Yankees","80","336","310","82","14","3","3","35","29","16","33","3","6","4",".265",".307",".362",".669",".292","0.2","-0.1","0.5","797.4","11400"
"Manny Pina","Brewers","30","128","117","29","6","0","3","12","14","8","22","1","1","1",".245",".298",".377",".675",".292","0.2","-0.1","0.3","870.2","2829"
"Paulo Orlando","Royals","95","399","375","101","18","3","5","39","36","14","82","4","10","4",".270",".302",".373",".675",".292","3.3","0.5","0.4","500.0","8628"
"Tim Anderson","White Sox","150","630","599","158","26","6","12","72","54","20","162","4","21","8",".265",".291",".385",".677",".291","3.9","0.7","1.7","173.8","15172"
"Pat Valaika","Rockies","3","14","13","3","1","0","0","1","1","1","3","0","0","0",".254",".290",".388",".678",".291","0.0","0.0","0.0","999.0","14885"
"Roberto Perez","Indians","61","256","218","47","11","1","5","27","25","30","69","1","1","1",".214",".311",".344",".655",".291","1.5","-0.3","0.8","577.0","2900"
"Steve Clevenger","","15","64","58","15","3","0","1","6","6","5","11","0","0","0",".255",".311",".357",".668",".291","-0.6","-0.1","0.1","999.0","9542"
"Kurt Suzuki","Braves","65","271","247","63","14","1","4","22","28","16","34","4","0","0",".254",".307",".361",".668",".291","-2.0","-0.7","0.4","544.5","8259"
"Tyler Collins","Tigers","82","343","313","74","11","2","10","35","37","24","83","2","4","2",".235",".293",".376",".670",".291","-1.8","0.1","0.2","825.9","12723"
"Mikie Mahtook","Tigers","85","357","329","80","17","3","7","38","36","19","93","5","6","3",".244",".294",".379",".673",".291","-1.2","0.0","0.3","714.9","13130"
"Brett Eibner","Dodgers","5","21","19","4","1","0","1","2","2","2","5","0","0","0",".225",".291",".381",".672",".291","-0.1","0.0","0.0","748.3","11369"
"Jarrod Dyson","Mariners","97","406","364","93","14","5","3","48","30","29","66","4","35","9",".254",".315",".347",".662",".291","8.3","4.1","1.5","276.8","4866"
"Bruce Maxwell III","Athletics","30","128","116","29","5","0","2","13","12","10","27","0","0","0",".245",".304",".359",".663",".291","-0.1","-0.1","0.4","415.4","13866"
"Carlos Ruiz","Mariners","46","192","170","41","8","0","2","18","16","17","30","3","2","1",".241",".321",".331",".652",".291","0.0","-0.5","0.6","627.0","2579"
"Brian Goodwin","Nationals","8","35","32","7","1","0","1","4","4","3","9","0","1","0",".237",".301",".365",".666",".291","-0.2","0.0","0.0","999.0","12858"
"Jarrod Saltalamacchia","Blue Jays","38","160","139","28","6","0","6","17","19","18","58","1","0","0",".200",".294",".375",".668",".291","-1.7","0.0","0.3","658.5","5557"
"Oscar Hernandez","Diamondbacks","8","32","30","7","2","0","1","3","3","2","7","0","0","0",".234",".284",".388",".672",".291","-0.2","0.0","0.0","765.7","13490"
"Chris Herrmann","Diamondbacks","69","288","259","60","12","3","6","28","30","22","73","2","3","2",".233",".298",".373",".670",".290","-0.6","0.2","0.5","343.8","9284"
"Teoscar Hernandez","Astros","22","91","83","20","4","0","2","10","9","6","23","1","4","2",".237",".293",".377",".670",".290","0.0","-0.1","0.1","739.4","13066"
"Tucker Barnhart","Reds","53","224","200","50","10","1","3","19","21","19","38","1","1","0",".250",".317",".354",".671",".290","1.6","-0.5","0.6","395.0","10200"
"Christian Villanueva","Cubs","2","7","6","2","0","0","0","1","1","0","2","0","0","0",".237",".286",".393",".679",".290","0.0","0.0","0.0","999.0","sa505993"
"Nolan Reimold","","67","280","249","57","11","1","7","28","26","26","75","2","3","1",".228",".304",".359",".662",".290","-0.1","-0.4","-0.2","999.0","3441"
"Boog Powell","Mariners","7","28","25","6","1","0","0","3","2","2","5","0","1","1",".253",".315",".341",".656",".290","0.1","-0.1","0.0","999.0","sa658509"
"Alex Rios","","108","455","423","107","22","2","9","43","48","23","89","4","8","3",".252",".293",".378",".672",".290","-1.6","-0.5","-0.4","999.0","2090"
"Alen Hanson","Pirates","38","161","149","37","6","2","3","17","16","9","30","1","8","4",".248",".292",".381",".673",".290","-0.3","0.0","0.2","550.8","12926"
"Christian Vazquez","Red Sox","61","256","232","59","13","1","3","26","24","18","51","2","2","1",".252",".308",".356",".664",".290","1.9","-0.2","0.7","522.3","9774"
"Charlie Tilson","White Sox","50","210","193","49","7","3","2","23","17","14","37","1","7","4",".256",".308",".354",".662",".290","-0.3","0.0","0.2","397.6","12983"
"Melvin Upton Jr.","Blue Jays","42","175","158","36","7","1","5","20","19","14","52","1","6","2",".225",".288",".384",".672",".290","1.1","0.4","0.1","353.6","5015"
"Leonys Martin","Mariners","145","609","554","135","22","4","13","67","56","41","145","4","25","9",".244",".298",".367",".666",".289","5.6","2.4","1.8","275.3","11846"
"Austin Hedges","Padres","107","448","418","101","20","1","14","47","54","20","87","4","2","2",".242",".280",".399",".680",".289","3.7","-0.1","1.6","303.1","12976"
"Josh Rutledge","Red Sox","10","42","38","9","2","0","1","4","4","3","11","1","1","0",".245",".301",".364",".664",".289","-0.2","0.0","0.0","881.1","11167"
"Willy Adames","Rays","2","7","6","1","0","0","0","1","1","1","2","0","0","0",".231",".303",".356",".659",".289","0.0","0.0","0.0","999.0","sa736655"
"Whit Merrifield","Royals","40","168","156","41","9","1","2","18","15","9","30","1","5","2",".260",".301",".365",".667",".289","0.8","0.3","0.3","517.8","11281"
"Miguel Andujar","Yankees","2","7","7","2","0","0","0","1","1","0","1","0","0","0",".244",".286",".385",".670",".289","0.0","0.0","0.0","999.0","sa659185"
"Jett Bandy","Brewers","53","224","205","47","10","0","7","21","23","10","48","6","1","1",".231",".283",".385",".668",".289","1.7","-0.3","0.6","348.3","12508"
"Rymer Liriano","White Sox","100","420","376","85","17","2","10","47","41","36","128","5","11","6",".227",".300",".360",".660",".289","2.9","-0.3","0.1","659.0","4779"
"Pedro Severino","Nationals","11","45","41","11","2","0","1","4","4","2","7","0","0","0",".259",".303",".358",".661",".289","0.1","-0.1","0.1","862.8","14523"
"Danny Santana","Twins","38","161","151","39","7","2","2","18","14","6","35","1","7","3",".261",".295",".374",".669",".289","-1.0","0.2","0.0","760.8","10322"
"Arismendy Alcantara","Reds","55","230","212","49","9","3","7","25","25","14","66","1","9","4",".231",".278",".395",".673",".289","-0.4","0.8","0.1","828.4","10711"
"Ichiro Suzuki","Marlins","60","253","230","60","8","3","1","26","18","18","33","1","6","2",".263",".317",".339",".656",".289","0.3","-0.1","0.0","734.7","1101"
"Jose Lobaton","Nationals","43","179","159","37","7","1","3","16","17","16","41","1","1","0",".233",".306",".353",".660",".288","-0.2","-0.4","0.3","685.8","4243"
"Matt Szczur","Cubs","39","162","148","37","6","1","3","17","16","10","31","1","5","2",".249",".302",".360",".661",".288","0.2","0.1","0.0","899.6","11255"
"Orlando Arcia","Brewers","142","595","552","135","27","5","12","60","60","34","114","3","18","8",".245",".291",".377",".668",".288","1.9","0.4","0.8","281.5","13185"
"Nick Hundley","Giants","33","139","128","31","6","1","3","12","14","9","32","1","1","1",".242",".292",".378",".669",".288","-1.1","-0.4","0.2","431.6","3376"
"Breyvic Valera","Cardinals","2","7","6","2","0","0","0","1","1","0","1","0","0","0",".269",".318",".334",".652",".288","0.0","0.0","0.0","999.0","sa546472"
"J.J. Hardy","Orioles","133","560","520","130","26","0","13","55","59","30","98","2","1","0",".250",".291",".375",".666",".288","4.6","-1.2","1.2","461.4","3797"
"Alexi Amarista","Rockies","34","144","132","34","5","1","2","14","15","9","21","1","4","1",".260",".308",".358",".666",".287","-0.4","0.3","-0.2","816.4","9063"
"Alberto Callaspo","","83","350","310","74","13","1","5","32","31","33","48","2","3","2",".239",".314",".334",".648",".287","-2.9","-1.6","-0.2","999.0","3336"
"Franklin Barreto","Athletics","2","7","7","2","0","0","0","1","1","0","1","0","0","0",".249",".292",".371",".663",".287","0.0","0.0","0.0","999.0","sa739765"
"Dawel Lugo","Diamondbacks","2","7","7","2","0","0","0","1","1","0","1","0","0","0",".259",".282",".387",".669",".287","0.0","0.0","0.0","999.0","sa659207"
"Daniel Robertson","Rays","20","84","75","18","3","0","1","8","7","7","17","2","0","0",".238",".312",".333",".645",".287","0.0","0.0","0.1","999.0","sa657854"
"Tomas Telis","Marlins","15","64","60","16","3","0","1","6","6","3","8","0","1","0",".264",".303",".360",".663",".287","0.0","0.0","0.1","999.0","10067"
"Aneury Tavarez","Orioles","25","105","98","24","4","1","2","11","10","5","26","1","3","2",".245",".286",".380",".665",".287","0.4","-0.1","0.0","999.0","sa598684"
"Ryan Flaherty","Orioles","83","350","313","70","13","1","10","37","37","28","88","4","2","1",".223",".294",".367",".661",".287","-0.4","0.3","0.3","999.0","7888"
"Michael Taylor","Nationals","35","149","136","31","6","1","4","15","15","11","47","1","6","2",".232",".292",".372",".664",".287","0.7","0.3","0.0","578.5","11489"
"Billy Burns","Royals","17","70","64","17","3","1","0","8","5","4","11","1","4","1",".263",".310",".344",".654",".286","-0.1","0.4","0.0","548.2","12701"
"Ryan Cordell","Brewers","2","7","6","2","0","0","0","1","1","0","2","0","0","0",".235",".280",".386",".666",".286","0.0","0.0","0.0","999.0","sa737938"
"Austin Romine","Yankees","30","128","119","29","6","0","3","14","15","6","24","1","1","0",".246",".287",".379",".666",".286","-0.8","0.0","0.2","772.8","5491"
"Travis Jankowski","Padres","150","630","563","138","22","5","5","71","39","55","137","3","39","16",".246",".315",".327",".642",".286","9.3","2.0","0.9","284.1","13768"
"Kevin Plawecki","Mets","15","64","58","14","3","0","1","6","6","4","11","1","0","0",".243",".300",".358",".658",".286","0.1","0.0","0.2","925.5","13807"
"Joey Wendle","Athletics","8","35","33","8","2","0","1","4","4","1","7","0","1","0",".247",".286",".379",".665",".286","0.1","0.0","0.1","613.7","13853"
"Juan Lagares","Mets","45","190","176","45","8","2","3","19","17","9","37","2","3","2",".254",".296",".367",".663",".286","2.6","0.1","0.4","858.6","5384"
"Tim Beckham","Rays","87","364","334","78","15","5","8","37","35","22","107","3","5","4",".233",".285",".376",".661",".286","-0.5","-0.8","0.1","671.8","7949"
"Dan Uggla","","17","70","61","13","2","0","2","7","7","7","19","1","1","1",".208",".298",".348",".645",".286","-1.3","-0.1","-0.1","999.0","3442"
"Wilmer Difo","Nationals","24","99","92","24","4","1","1","10","10","5","18","1","4","1",".256",".296",".362",".659",".286","0.2","0.3","0.1","646.0","14320"
"Mallex Smith","Rays","65","273","245","60","9","3","3","31","23","21","61","2","21","8",".243",".307",".340",".647",".285","1.7","0.8","0.3","341.0","13608"
"Dixon Machado","Tigers","18","77","69","17","3","0","1","8","6","6","12","1","2","1",".247",".308",".336",".644",".285","0.7","0.0","0.1","999.0","11472"
"Giovanny Urshela","Indians","42","175","165","42","8","1","4","18","18","7","27","1","0","0",".253",".285",".376",".661",".285","1.3","-0.2","0.1","912.7","10681"
"Roman Quinn","Phillies","36","150","136","32","5","1","2","17","13","11","38","1","9","4",".239",".300",".349",".648",".285","-0.1","0.3","0.0","371.9","13546"
"Ronald Guzman","Rangers","7","28","26","6","1","0","1","3","3","2","6","0","0","0",".242",".286",".375",".660",".285","0.0","0.0","-0.1","999.0","sa659670"
"Curt Casali","Rays","8","32","28","6","1","0","1","3","3","3","9","0","0","0",".208",".296",".347",".644",".285","-0.1","0.0","0.1","616.8","12510"
"Tony Wolters","Rockies","91","384","345","84","16","2","5","35","35","30","90","3","4","3",".242",".306",".344",".649",".285","2.4","-0.1","0.2","434.4","11470"
"Tyler Goeddel","Phillies","31","130","118","28","4","1","3","13","13","9","30","1","3","2",".233",".291",".362",".653",".285","-0.2","0.1","-0.1","923.1","13180"
"Socrates Brito","Diamondbacks","64","269","256","64","10","4","6","27","27","10","57","1","7","3",".251",".279",".385",".665",".285","1.9","0.1","-0.2","614.9","12944"
"Billy Hamilton","Reds","125","525","477","119","19","4","6","65","35","37","101","2","56","14",".249",".304",".343",".647",".285","9.6","7.3","1.8","83.8","10199"
"Freddy Galvis","Phillies","54","225","209","51","9","2","6","22","24","11","45","1","4","2",".244",".282",".383",".666",".284","0.8","0.2","0.3","336.8","6609"
"Kevan Smith","White Sox","8","32","29","7","1","0","1","3","3","2","7","0","0","0",".232",".292",".359",".651",".284","0.0","0.0","0.1","918.7","12284"
"Ildemaro Vargas","Diamondbacks","2","7","6","2","0","0","0","1","1","0","1","0","0","0",".260",".300",".351",".651",".284","0.0","0.0","0.0","999.0","sa504705"
"Chad Pinder","Athletics","10","42","39","9","2","0","1","4","4","2","10","1","0","0",".241",".281",".376",".656",".284","-0.2","0.0","0.0","803.3","15191"
"Hunter Dozier","Royals","13","56","51","12","3","0","1","6","6","4","15","0","1","0",".229",".287",".366",".653",".283","-0.1","0.0","-0.1","564.2","15117"
"Michael Reed","Brewers","8","35","30","6","1","0","1","3","3","4","10","0","1","1",".213",".308",".327",".634",".283","0.0","0.0","-0.1","999.0","13228"
"Kelby Tomlinson","Giants","29","120","108","28","4","1","1","11","9","9","22","1","4","2",".254",".315",".323",".638",".283","-0.1","0.2","0.1","903.6","13005"
"Jesmuel Valentin","Phillies","3","13","12","3","1","0","0","1","1","1","2","0","0","0",".243",".295",".354",".649",".283","0.0","0.0","0.0","999.0","sa657867"
"Andrew Knapp","Phillies","8","32","29","7","1","0","1","3","3","2","9","0","0","0",".229",".290",".358",".649",".283","-0.1","0.0","0.0","999.0","sa550140"
"Mitch Garver","Twins","3","13","12","3","1","0","0","1","1","1","3","0","0","0",".232",".298",".346",".644",".283","0.0","0.0","0.0","999.0","sa578988"
"Francisco Pena","Orioles","8","32","30","7","1","0","1","3","4","1","6","0","0","0",".237",".276",".381",".657",".283","0.2","0.0","0.1","999.0","8298"
"Elias Diaz","Pirates","15","64","59","15","3","0","1","6","6","4","11","0","0","0",".248",".296",".351",".647",".283","0.0","-0.1","0.1","894.6","11680"
"Zack Granite","Twins","12","49","45","12","2","0","0","5","4","3","6","0","3","1",".259",".305",".337",".642",".282","0.1","0.0","0.0","999.0","sa738899"
"Jorge Bonifacio","Royals","2","7","6","1","0","0","0","1","1","0","2","0","0","0",".230",".287",".361",".648",".282","0.0","0.0","0.0","999.0","sa547943"
"James McCann","Tigers","99","416","385","93","17","2","9","39","45","21","102","4","2","1",".241",".286",".365",".651",".282","5.8","-1.0","1.4","329.9","12859"
"Chris Stewart","Pirates","46","192","171","43","7","0","2","16","15","15","30","3","1","0",".250",".318",".318",".636",".282","-0.7","-0.3","0.3","927.0","3878"
"Alcides Escobar","Royals","153","644","601","159","26","5","6","66","52","25","85","5","17","5",".264",".297",".354",".651",".282","0.3","1.9","0.9","336.4","6310"
"Richard Urena","Blue Jays","3","14","13","3","1","0","0","1","2","0","3","0","0","0",".247",".276",".385",".660",".282","-0.1","0.0","0.0","999.0","sa736829"
"Rafael Ynoa","Rockies","12","50","46","12","2","0","0","4","4","3","9","0","1","0",".256",".303",".343",".645",".282","-0.1","-0.1","-0.1","999.0","2832"
"Peter Bourjos","White Sox","33","140","127","30","5","2","3","15","12","8","37","2","3","2",".233",".290",".362",".652",".282","0.3","0.0","0.1","870.1","2578"
"Jaycob Brugman","Athletics","5","21","19","5","1","0","0","2","2","1","5","0","0","0",".236",".292",".355",".647",".282","-0.1","0.0","0.0","999.0","sa550136"
"Ben Revere","Angels","48","203","190","52","6","2","1","23","14","9","20","1","9","3",".271",".305",".337",".642",".282","-0.6","1.0","0.0","354.8","4712"
"John Ryan Murphy","Twins","20","83","76","18","4","0","2","8","8","5","18","0","0","0",".239",".287",".361",".648",".282","-0.2","0.0","0.1","682.3","10346"
"Erick Aybar","Padres","83","350","322","83","16","2","3","33","29","19","43","3","6","3",".257",".303",".346",".649",".282","-2.6","-0.2","0.1","711.8","4082"
"Christian Bethancourt","Padres","74","310","292","72","15","0","8","30","34","13","67","1","4","2",".247",".279",".377",".656",".281","0.7","-0.3","0.3","733.1","10028"
"Ramon Cabrera","","38","160","148","38","7","0","2","14","15","9","23","1","1","1",".257",".300",".342",".643",".281","-0.6","-0.2","0.2","999.0","10327"
"John Hicks","Tigers","3","13","12","3","1","0","0","1","1","1","3","0","0","0",".242",".283",".366",".649",".281","0.1","0.0","0.0","847.7","12547"
"Chris Gimenez","Twins","30","128","115","26","5","0","3","13","11","10","32","1","1","1",".226",".292",".347",".639",".281","-0.7","-0.3","0.1","951.7","7324"
"Carson Kelly","Cardinals","1","6","6","1","0","0","0","1","1","0","1","0","0","0",".243",".290",".353",".644",".281","0.0","0.0","0.0","702.0","13620"
"Micah Johnson","Braves","10","43","39","10","2","0","1","4","3","3","10","0","2","1",".247",".296",".343",".639",".280","-0.1","0.0","0.0","884.3","13809"
"Destin Hood","Marlins","32","135","126","30","7","1","3","13","14","7","36","1","2","1",".236",".279",".370",".649",".280","0.2","-0.1","-0.1","999.0","9887"
"Darwin Barney","Blue Jays","63","266","244","60","11","1","4","27","23","16","40","2","3","2",".246",".296",".347",".642",".280","2.4","0.1","0.4","719.1","2430"
"Mason Williams","Yankees","5","21","19","5","1","0","0","2","2","1","4","0","0","0",".245",".293",".350",".643",".280","0.1","0.0","0.0","988.7","11859"
"Matt Davidson","White Sox","100","420","375","78","15","0","14","46","43","35","141","5","1","1",".207",".281",".361",".642",".279","-0.2","0.0","-1.0","796.3","7226"
"Nate McLouth","","58","245","217","47","10","1","5","23","23","21","59","3","4","2",".216",".294",".339",".633",".279","-1.0","0.2","-0.4","999.0","3190"
"JaCoby Jones","Tigers","28","119","109","25","4","1","3","12","12","7","38","1","3","2",".227",".280",".364",".644",".279","0.0","-0.1","0.0","999.0","14818"
"Rafael Bautista","Nationals","2","7","6","2","0","0","0","1","1","0","1","0","0","0",".258",".303",".330",".632",".279","0.0","0.0","0.0","999.0","sa657400"
"Erik Gonzalez","Indians","15","63","59","15","3","0","1","6","6","2","14","0","2","1",".249",".280",".367",".647",".279","0.1","-0.1","0.0","966.3","13369"
"Mel Rojas Jr.","Braves","4","16","15","3","1","0","0","2","1","1","4","0","0","0",".227",".287",".354",".641",".278","0.0","0.0","0.0","999.0","sa548194"
"Adeiny Hechavarria","Marlins","143","602","559","144","22","7","5","54","50","33","86","2","5","3",".258",".299",".347",".647",".278","2.2","-0.6","0.5","542.4","10459"
"Hanser Alberto","Rangers","13","56","53","14","2","0","1","5","6","1","7","0","1","1",".259",".281",".364",".645",".278","0.5","-0.1","0.0","964.7","11902"
"Jake Marisnick","Astros","83","350","323","75","16","2","8","39","34","17","95","4","16","6",".231",".277",".367",".644",".278","3.6","0.8","0.5","744.6","11339"
"Colin Moran","Astros","8","35","32","7","1","0","1","3","3","2","9","0","0","0",".234",".290",".346",".636",".278","0.1","0.0","0.0","948.3","16909"
"D.J. Peterson","Mariners","10","42","39","9","2","0","1","4","5","2","12","0","0","0",".221",".268",".376",".644",".278","0.0","0.0","-0.1","999.0","sa549926"
"Leury Garcia","White Sox","53","224","207","52","7","2","3","23","19","12","52","2","10","5",".249",".294",".347",".641",".278","0.2","0.2","0.1","933.3","5913"
"Alexei Ramirez","","100","420","396","100","20","1","6","39","41","17","52","3","10","5",".251",".286",".358",".643",".278","-6.1","-0.7","-0.4","704.0","5133"
"Nick Ahmed","Diamondbacks","117","490","450","108","20","3","8","44","42","29","85","3","8","4",".240",".289",".352",".640",".277","6.3","0.3","0.6","806.1","12147"
"Carlos Sanchez","White Sox","30","126","117","28","5","1","2","12","12","6","27","1","2","1",".240",".283",".354",".637",".277","0.9","-0.1","0.1","918.1","11602"
"Omar Narvaez","White Sox","76","320","291","72","11","0","3","31","25","24","45","1","1","1",".247",".305",".318",".623",".276","-1.4","-0.2","0.3","641.8","13338"
"Jorge Alfaro","Phillies","49","205","191","44","9","1","6","21","22","8","61","3","2","1",".228",".270",".370",".640",".276","-0.6","-0.2","0.2","410.0","12180"
"Caleb Joseph","Orioles","46","192","176","40","7","0","5","19","19","11","43","1","1","1",".228",".278",".358",".636",".276","1.8","-0.3","0.4","816.7","7087"
"Shawn O'Malley","Mariners","38","161","145","34","5","1","2","16","13","12","33","2","5","2",".237",".298",".324",".622",".276","-0.4","0.2","0.0","877.8","9629"
"Juan Graterol","Blue Jays","8","32","30","8","1","0","0","3","3","1","5","0","0","0",".254",".283",".350",".633",".275","0.0","0.0","0.0","999.0","5398"
"Miguel Rojas","Marlins","46","192","176","44","8","1","2","19","16","10","25","1","2","2",".251",".296",".336",".632",".275","0.5","-0.3","0.0","893.5","7802"
"Sam Fuld","","125","525","466","103","20","5","7","52","44","48","93","3","16","5",".221",".296",".326",".622",".275","1.6","0.9","0.1","999.0","8254"
"Danny Espinosa","Angels","138","581","515","107","20","1","17","59","58","44","183","14","8","3",".208",".286",".352",".638",".275","3.8","1.0","0.8","385.9","9219"
"Michael Bourn","","83","350","318","76","11","3","3","34","26","25","83","1","10","5",".240",".296",".326",".622",".274","-1.5","0.5","-0.2","757.9","6387"
"Martin Maldonado","Angels","91","384","334","71","12","0","9","35","39","39","96","6","1","1",".212",".303",".332",".634",".274","2.3","-0.3","1.0","560.4","6887"
"Willy Garcia","White Sox","5","21","20","4","1","0","1","2","2","1","7","0","0","0",".222",".266",".373",".639",".274","0.1","-0.1","0.0","999.0","sa547734"
"Harold Ramirez","","3","14","13","3","1","0","0","1","1","1","4","0","0","0",".220",".284",".342",".627",".274","0.0","0.0","0.0","999.0","sa550711"
"Francisco Mejia","","3","13","11","3","0","0","0","1","1","1","3","0","0","0",".220",".284",".342",".627",".274","0.0","0.0","0.0","999.0","sa455980"
"Nick Williams","","8","35","31","7","1","0","1","3","3","3","9","0","0","0",".220",".284",".342",".627",".274","0.0","0.0","-0.1","999.0","sa829392"
"Anthony Alford","Blue Jays","3","14","13","3","1","0","0","1","1","1","5","0","0","0",".213",".286",".335",".620",".274","0.0","0.0","0.0","999.0","sa657953"
"Eric Fryer","Cardinals","37","154","137","32","6","1","1","15","13","13","34","1","2","1",".232",".302",".311",".613",".274","0.3","-0.2","0.2","903.2","8145"
"Allen Cordoba","Padres","10","43","40","10","2","0","0","4","4","2","6","0","2","1",".245",".290",".335",".625",".274","0.0","0.1","0.0","914.3","sa737201"
"Ryan Hanigan","Phillies","5","19","17","4","1","0","0","2","2","2","4","0","0","0",".217",".301",".309",".610",".273","0.1","0.0","0.0","999.0","4952"
"Cam Gallagher","Royals","3","13","12","3","1","0","0","1","1","1","2","0","0","0",".230",".290",".330",".620",".273","0.1","0.0","0.0","999.0","sa597771"
"Ryan LaMarre","Angels","7","28","26","6","1","0","1","3","2","2","8","0","1","0",".226",".281",".343",".623",".273","0.1","0.0","0.0","949.7","10700"
"Jack Reinheimer","Diamondbacks","2","7","6","2","0","0","0","1","1","0","1","0","0","0",".242",".293",".325",".618",".272","0.0","0.0","0.0","999.0","sa549854"
"Carlos Perez","Angels","61","256","236","55","13","0","4","25","28","14","45","1","2","1",".233",".278",".346",".624",".272","1.6","-0.2","0.6","999.0","10642"
"Raul Mondesi","Royals","75","315","293","68","10","5","6","32","30","15","84","2","17","7",".231",".271",".359",".631",".272","0.3","0.9","0.0","397.6","13769"
"Chase d'Arnaud","Braves","70","293","270","64","12","3","3","27","24","16","56","4","11","5",".236",".287",".333",".620",".272","-0.8","0.4","-0.3","942.7","6652"
"Rene Rivera","Mets","43","179","163","37","7","0","4","14","19","11","44","2","0","0",".224",".279",".346",".625",".270","1.3","-0.4","0.3","774.9","3648"
"Drew Butera","Royals","27","115","105","23","5","1","2","11","10","7","28","1","1","0",".224",".279",".339",".618",".270","-0.6","-0.2","0.0","870.7","3411"
"Tuffy Gosewisch","Mariners","8","32","30","7","1","0","1","3","3","2","6","0","0","0",".227",".272",".351",".622",".270","0.2","0.0","0.1","999.0","5277"
"Emilio Bonifacio","Braves","18","77","71","17","3","0","0","8","6","5","17","0","4","2",".247",".296",".315",".611",".270","-0.7","0.2","-0.2","937.5","4054"
"Trevor Brown","Giants","8","32","30","7","1","0","0","3","3","2","6","0","0","0",".236",".283",".330",".613",".269","-0.1","0.0","0.0","783.1","13895"
"J.T. Riddle","Marlins","3","14","13","3","1","0","0","1","1","1","2","0","0","0",".248",".285",".332",".617",".269","0.0","0.0","0.0","999.0","sa550025"
"Austin Nola","Marlins","3","13","12","3","1","0","0","1","1","1","2","0","0","0",".233",".294",".313",".607",".269","0.1","0.0","0.0","999.0","sa577789"
"Amed Rosario","Mets","2","7","7","2","0","0","0","1","1","0","2","0","0","0",".237",".282",".335",".617",".268","0.0","0.0","0.0","999.0","sa732115"
"Andrew Romine","Tigers","78","329","299","71","9","2","3","33","26","21","69","4","11","4",".237",".294",".310",".604",".268","2.1","0.7","0.0","792.3","1159"
"Tomas Nido","Mets","3","13","12","3","1","0","0","1","1","0","3","0","0","0",".233",".265",".356",".621",".268","0.1","0.0","0.0","999.0","sa658115"
"Adam Engel","White Sox","23","98","89","19","3","1","1","10","8","7","28","1","6","2",".216",".281",".322",".604",".267","0.6","0.1","0.0","999.0","sa709002"
"Adam Moore","Indians","5","19","18","4","1","0","0","2","2","1","5","0","0","0",".226",".275",".337",".613",".267","0.0","0.0","0.0","999.0","9362"
"Ramon Torres","Royals","3","14","13","3","1","0","0","1","1","1","2","0","0","0",".249",".284",".325",".609",".267","0.0","0.0","0.0","999.0","sa547940"
"Jose Rondon","Padres","27","112","105","26","5","1","1","10","9","4","19","1","2","2",".245",".277",".339",".616",".267","0.2","-0.1","0.0","999.0","14140"
"Kyle Farmer","Dodgers","3","13","12","3","1","0","0","1","1","1","2","0","0","0",".231",".275",".339",".614",".267","0.0","0.0","0.0","999.0","sa620958"
"Ryan Goins","Blue Jays","25","105","96","22","5","1","1","10","9","6","23","0","1","1",".232",".278",".333",".610",".267","0.3","-0.1","0.0","962.0","9807"
"Cliff Pennington","Angels","37","154","137","30","5","1","2","14","11","13","35","1","2","0",".221",".293",".306",".599",".267","0.4","0.1","0.1","999.0","3395"
"Edmundo Sosa","Cardinals","2","7","7","2","0","0","0","1","1","0","1","0","0","0",".241",".277",".333",".610",".267","0.0","0.0","0.0","999.0","sa736859"
"Jacob Hannemann","Cubs","3","14","13","3","1","0","0","1","1","1","4","0","1","0",".221",".270",".341",".611",".267","0.0","0.0","0.0","999.0","sa550326"
"Max Stassi","Astros","8","32","30","6","1","0","1","3","3","2","10","0","0","0",".211",".260",".351",".611",".265","0.0","0.0","0.0","868.3","10059"
"Jonathan Herrera","","50","210","194","46","8","1","2","17","18","11","39","2","3","2",".238",".282",".322",".604",".265","-1.4","-0.2","-0.4","999.0","4182"
"Matt Reynolds","Mets","12","49","45","10","2","0","1","5","4","3","12","0","1","0",".226",".278",".325",".603",".265","0.1","0.0","0.0","921.0","13788"
"Michael Martinez","Indians","25","105","97","23","4","1","1","10","9","6","22","0","2","1",".238",".281",".326",".607",".265","-0.6","-0.3","-0.2","823.7","7358"
"Stuart Turner","Reds","8","32","29","6","1","0","1","3","3","2","7","0","0","0",".217",".279",".319",".598",".264","0.1","0.0","0.0","999.0","sa737625"
"Johan Camargo","Braves","8","35","32","8","1","0","0","3","3","2","6","0","0","0",".238",".274",".332",".607",".264","0.0","0.0","0.0","999.0","sa657234"
"Franchy Cordero","Padres","17","70","65","15","2","1","1","6","6","4","20","1","2","1",".224",".269",".339",".608",".263","0.1","-0.1","-0.1","999.0","sa657481"
"Magneuris Sierra","Cardinals","2","7","7","2","0","0","0","1","1","0","2","0","0","0",".246",".274",".328",".602",".262","0.0","0.0","0.0","999.0","sa736866"
"Luis Torrens","Padres","8","32","29","6","1","0","0","3","3","2","7","0","0","0",".212",".275",".318",".593",".262","0.0","-0.1","0.0","999.0","sa739618"
"Deven Marrero","Red Sox","8","35","32","7","1","0","0","3","3","2","9","0","1","0",".230",".282",".311",".593",".262","-0.1","0.0","0.0","999.0","13325"
"Luis Sardinas","Padres","50","210","195","48","8","1","1","18","16","10","37","1","5","2",".245",".285",".314",".599",".261","-1.3","0.1","-0.2","690.5","13153"
"Luke Maile","Rays","53","224","206","45","10","1","3","22","20","14","49","2","1","1",".220",".272",".323",".595",".261","1.3","-0.2","0.3","856.6","13355"
"Kaleb Cowart","Angels","7","28","26","6","1","0","0","3","3","2","7","0","1","0",".221",".272",".328",".600",".261","0.1","0.0","0.0","916.7","11494"
"Orlando Calixte","Giants","3","14","13","3","1","0","0","1","1","1","3","0","0","0",".227",".271",".329",".599",".261","0.1","0.0","0.0","999.0","11905"
"Craig Gentry","","67","280","252","57","8","1","2","28","19","20","59","3","11","4",".226",".290",".292",".582",".260","2.7","1.1","-0.5","999.0","9571"
"Jacob May","White Sox","17","70","65","15","3","0","1","7","5","3","17","1","3","2",".233",".274",".315",".589",".259","0.5","0.0","-0.1","999.0","sa550097"
"Jorge Mateo","Yankees","2","7","7","1","0","0","0","1","1","0","2","0","0","0",".222",".265",".330",".595",".259","0.0","0.0","0.0","999.0","sa657910"
"Robert Andino","Marlins","2","7","7","1","0","0","0","1","1","0","2","0","0","0",".225",".265",".325",".590",".258","0.0","0.0","0.0","999.0","4900"
"Jeff Mathis","Diamondbacks","38","160","147","31","6","1","3","13","17","9","47","1","0","0",".209",".260",".332",".592",".256","1.2","-0.1","-0.1","937.6","3448"
"Alfredo Gonzalez","White Sox","8","32","29","6","1","0","0","3","2","2","7","0","0","0",".221",".285",".285",".570",".256","0.0","0.0","0.0","999.0","sa505301"
"Jesus Sucre","Rays","30","128","120","29","5","0","1","11","10","5","23","1","1","1",".238",".271",".308",".579",".254","1.3","-0.2","0.1","834.7","5942"
"Engelb Vielma","Twins","2","7","6","2","0","0","0","1","0","0","1","0","0","0",".235",".284",".286",".570",".254","0.0","0.0","0.0","999.0","sa657416"
"Tyler Ladendorf","","25","105","97","22","4","0","1","10","8","6","23","1","1","1",".222",".271",".304",".575",".254","0.1","-0.1","-0.2","999.0","3211"
"Nolan Fontana","Angels","3","14","12","2","1","0","0","1","1","1","4","0","0","0",".194",".284",".269",".553",".252","0.0","0.0","0.0","999.0","sa657932"
"Yefri Perez","Marlins","3","14","13","3","0","0","0","1","1","1","3","0","1","0",".228",".275",".282",".557",".248","0.1","0.0","0.0","876.2","12090"
"Yadiel Rivera","Brewers","29","120","113","25","4","1","1","10","9","4","30","1","2","1",".219",".255",".307",".562",".246","0.3","-0.2","-0.4","999.0","11863"
"Bubba Starling","Royals","2","7","6","1","0","0","0","1","1","0","2","0","0","0",".199",".247",".315",".562",".245","0.0","0.0","0.0","999.0","sa597751"
"Terrance Gore","Royals","5","21","19","4","0","0","0","2","1","1","5","0","2","0",".216",".274",".256",".531",".240","-0.1","0.2","-0.1","972.7","13658"
"J.B. Shuck","White Sox","0","0","0","0","0","0","0","0","0","0","0","0","0","0",".000",".000",".000",".000",".000","0.0","0.0","0.0","999.0","6677"
