"Name","Team","W","L","SV","HLD","ERA","GS","G","IP","H","ER","HR","SO","BB","WHIP","K/9","BB/9","FIP","WAR","ADP","playerid"
"Andrew Miller","Indians","6","2","11","16","2.04","0","65","65.0","43","15","6","103","16","0.92","14.22","2.28","2.08","2.6","120.8","6785"
"Kenley Jansen","Dodgers","3","2","34","7","2.38","0","65","65.0","44","17","6","96","15","0.91","13.23","2.08","2.22","2.6","54.2","3096"
"Dellin Betances","Yankees","5","2","1","16","2.40","0","65","65.0","42","17","5","103","25","1.04","14.24","3.49","2.29","2.4","201.3","6216"
"Clayton Kershaw","Dodgers","16","7","0","0","2.33","31","31","208.0","162","54","17","254","34","0.94","10.95","1.47","2.34","7.4","4.8","2036"
"Aroldis Chapman","Yankees","4","2","35","4","2.34","0","65","65.0","41","17","6","105","26","1.04","14.58","3.63","2.43","2.3","53.1","10233"
"Edwin Diaz","Mariners","4","3","34","5","2.76","0","65","65.0","50","20","6","89","18","1.05","12.39","2.50","2.65","1.9","91.0","14710"
"Zach Britton","Orioles","3","2","35","3","2.38","0","65","65.0","53","17","4","74","20","1.11","10.27","2.72","2.71","2.0","64.1","3240"
"Noah Syndergaard","Mets","14","10","0","0","3.01","32","32","195.0","164","65","18","230","47","1.09","10.64","2.18","2.78","5.6","18.6","11762"
"Wade Davis","Cubs","5","2","30","9","2.48","0","65","65.0","47","18","6","85","22","1.07","11.73","3.11","2.81","1.8","92.5","7441"
"Ken Giles","Astros","4","3","32","5","3.03","0","65","65.0","51","22","6","87","23","1.14","12.07","3.21","2.88","1.7","109.8","12910"
"Seung Hwan Oh","Cardinals","4","2","32","6","2.92","0","65","65.0","54","21","6","77","17","1.08","10.63","2.30","2.89","1.7","79.3","18719"
"Brett Cecil","Cardinals","4","3","1","14","3.00","0","55","55.0","46","18","5","66","18","1.15","10.80","2.92","2.90","1.0","634.3","2660"
"Carter Capps","Padres","2","1","7","6","2.82","0","45","45.0","34","14","4","62","17","1.13","12.43","3.45","2.92","0.6","323.8","12803"
"Mark Melancon","Giants","3","2","34","6","2.64","0","65","65.0","57","19","5","63","14","1.10","8.66","2.00","2.92","1.3","82.8","4264"
"Stephen Strasburg","Nationals","13","8","0","0","3.20","29","29","174.0","150","62","19","205","44","1.11","10.58","2.25","3.01","4.4","56.7","10131"
"Max Scherzer","Nationals","15","8","0","0","3.08","31","31","206.0","168","70","23","247","52","1.07","10.82","2.25","3.01","5.7","13.7","3137"
"Grant Dayton","Dodgers","4","2","2","18","2.92","0","65","65.0","51","21","7","84","19","1.08","11.66","2.70","3.02","1.5","468.1","11203"
"Kyle Barraclough","Marlins","4","3","4","17","3.07","0","65","65.0","46","22","4","89","39","1.30","12.30","5.34","3.07","1.2","311.3","13713"
"Shawn Kelley","Nationals","4","3","18","11","3.20","0","65","65.0","53","23","7","80","20","1.11","11.14","2.75","3.09","1.4","241.4","7773"
"Craig Kimbrel","Red Sox","4","2","33","6","3.01","0","65","65.0","48","22","6","91","29","1.18","12.63","3.97","3.09","1.4","84.6","6655"
"Sean Doolittle","Athletics","4","3","12","10","3.27","0","65","65.0","53","24","8","81","15","1.06","11.20","2.14","3.11","1.5","397.3","1581"
"Koji Uehara","Cubs","4","3","1","18","3.07","0","55","55.0","43","19","6","66","14","1.04","10.75","2.34","3.13","1.0","608.8","9227"
"Liam Hendriks","Athletics","2","2","0","8","3.42","0","40","40.0","37","15","4","41","9","1.15","9.22","1.96","3.13","0.4","735.5","3548"
"Felix Jorge","Twins","0","0","0","0","0.00","0","0","0.0","0","0","0","0","0","0.00","0.00","0.00","3.15","0.0","999.0","sa597424"
"Trevor May","Twins","0","0","0","0","0.00","0","0","0.0","0","0","0","0","0","0.00","0.00","0.00","3.15","0.0","632.3","6398"
"Chase Johnson","Giants","0","0","0","0","0.00","0","0","0.0","0","0","0","0","0","0.00","0.00","0.00","3.15","0.0","999.0","sa549740"
"Madison Bumgarner","Giants","16","10","0","0","3.00","34","34","224.0","193","75","23","237","50","1.09","9.53","2.02","3.16","5.1","15.2","5524"
"Chris Sale","Red Sox","16","9","0","0","3.14","32","32","220.0","194","77","23","238","46","1.09","9.77","1.88","3.17","5.5","20.8","10603"
"Kelvin Herrera","Royals","4","3","34","3","3.00","0","65","65.0","56","22","6","71","19","1.15","9.87","2.67","3.17","1.3","119.4","6033"
"Hunter Strickland","Giants","4","3","2","19","3.05","0","65","65.0","56","22","6","68","18","1.14","9.42","2.49","3.18","1.0","390.6","7836"
"James Hoyt","Astros","2","1","0","3","3.19","0","30","30.0","24","11","3","38","11","1.18","11.46","3.30","3.18","0.2","905.8","14605"
"Hector Rondon","Cubs","5","2","8","14","3.07","0","65","65.0","56","22","6","69","17","1.11","9.57","2.31","3.19","1.3","357.4","2391"
"Will Smith","Giants","2","1","0","1","3.15","0","25","25.0","20","9","2","31","10","1.21","11.13","3.58","3.19","0.1","771.2","8048"
"Cody Allen","Indians","4","3","19","9","3.11","0","65","65.0","51","22","7","85","25","1.17","11.75","3.42","3.19","1.3","125.4","12183"
"Jeurys Familia","Mets","3","2","26","10","3.07","0","65","65.0","56","22","5","69","24","1.23","9.57","3.35","3.21","1.2","129.1","5114"
"Josh Fields","Dodgers","2","1","0","6","3.45","0","35","35.0","29","13","3","41","12","1.18","10.52","3.04","3.21","0.1","999.0","5070"
"Pedro Strop","Cubs","3","2","0","12","2.95","0","45","45.0","35","15","4","54","17","1.16","10.78","3.49","3.21","0.4","579.9","4070"
"Corey Kluber","Indians","16","10","0","0","3.26","32","32","216.0","191","78","23","232","52","1.13","9.65","2.18","3.21","5.2","25.4","2429"
"Carlos Carrasco","Indians","14","9","0","0","3.34","31","31","188.0","171","70","20","200","46","1.15","9.55","2.18","3.23","4.4","59.5","6632"
"Addison Reed","Mets","3","3","11","12","3.36","0","65","65.0","57","24","7","71","18","1.15","9.79","2.44","3.25","1.1","260.5","10586"
"Felipe Rivero","Pirates","4","3","2","17","3.28","0","65","65.0","56","24","5","70","24","1.24","9.73","3.37","3.26","1.0","581.9","12076"
"Josh Smoker","Mets","2","2","0","9","3.37","0","40","40.0","33","15","4","50","15","1.20","11.22","3.34","3.32","0.3","955.1","10285"
"Alex Colome","Rays","4","3","33","4","3.13","0","65","65.0","56","23","7","72","19","1.15","9.92","2.60","3.32","1.1","120.9","6661"
"Cam Bedrosian","Angels","3","2","26","7","3.21","0","65","65.0","53","23","6","78","28","1.24","10.81","3.82","3.33","1.0","231.0","13360"
"Roberto Osuna","Blue Jays","4","2","34","2","3.13","0","65","65.0","54","23","8","75","17","1.09","10.33","2.30","3.34","1.5","95.8","13764"
"Chris Archer","Rays","14","10","0","0","3.40","32","32","199.0","173","75","21","219","65","1.19","9.90","2.93","3.34","4.2","53.1","6345"
"Brad Hand","Padres","3","3","3","15","3.33","0","65","65.0","55","24","6","74","25","1.23","10.22","3.40","3.35","1.1","508.5","9111"
"David Robertson","White Sox","4","3","32","4","3.46","0","65","65.0","54","25","7","82","25","1.21","11.32","3.50","3.35","1.4","145.6","8241"
"Jacob deGrom","Mets","11","9","0","0","3.44","29","29","182.0","167","69","19","179","46","1.17","8.89","2.29","3.36","3.9","65.4","10954"
"Nate Jones","White Sox","4","3","3","14","3.16","0","65","65.0","54","23","8","75","18","1.12","10.45","2.56","3.36","1.3","275.3","4696"
"Johnny Cueto","Giants","14","10","0","0","3.15","32","32","218.0","200","76","19","192","51","1.15","7.92","2.11","3.36","4.3","41.1","6893"
"Jake Arrieta","Cubs","14","9","0","0","3.20","31","31","194.0","163","69","17","192","62","1.16","8.91","2.86","3.38","4.1","29.6","4153"
"Jon Lester","Cubs","15","9","0","0","3.25","32","32","209.0","184","76","22","208","53","1.13","8.95","2.28","3.38","4.5","36.1","4930"
"Tony Zych","Mariners","1","1","0","1","3.31","0","25","25.0","22","9","3","28","8","1.20","10.20","2.91","3.39","0.1","800.7","12876"
"Trevor Rosenthal","Cardinals","3","3","2","16","3.26","0","55","55.0","46","20","5","67","27","1.33","11.04","4.46","3.39","0.7","440.5","10745"
"Carson Smith","Red Sox","2","1","0","8","3.32","0","40","40.0","36","15","3","43","14","1.26","9.62","3.26","3.39","0.3","870.5","13172"
"Junichi Tazawa","Marlins","3","3","1","13","3.47","0","55","55.0","49","21","6","55","15","1.17","8.99","2.47","3.40","0.6","955.8","4079"
"Greg Holland","Rockies","4","2","21","8","3.56","0","65","65.0","55","26","6","78","31","1.32","10.78","4.25","3.40","1.4","291.0","7196"
"Keone Kela","Rangers","4","3","0","10","3.39","0","45","45.0","38","17","5","55","18","1.23","10.91","3.53","3.41","0.4","708.9","14696"
"David Price","Red Sox","12","7","0","0","3.50","26","26","171.0","164","67","20","170","36","1.16","8.90","1.88","3.41","3.8","116.2","3184"
"Yu Darvish","Rangers","14","9","0","0","3.54","32","32","193.0","171","76","22","225","64","1.22","10.49","2.98","3.42","4.4","37.0","13074"
"Gerrit Cole","Pirates","13","10","0","0","3.57","31","31","185.0","180","73","17","170","49","1.24","8.26","2.38","3.42","3.7","108.9","13125"
"Michael Pineda","Yankees","10","8","0","0","3.73","26","26","148.0","141","62","18","155","33","1.17","9.42","2.03","3.43","3.3","210.6","5372"
"Lance McCullers","Astros","11","8","0","0","3.41","28","28","159.0","138","60","15","186","68","1.30","10.53","3.86","3.44","3.3","159.7","14120"
"Raisel Iglesias","Reds","4","3","16","14","3.24","0","65","65.0","56","23","7","72","20","1.17","10.03","2.80","3.45","1.2","198.6","17130"
"Matt Bush","Rangers","5","3","4","14","3.48","0","65","65.0","58","25","7","68","20","1.21","9.46","2.76","3.46","1.2","999.0","1246"
"Mychal Givens","Orioles","4","2","1","15","3.33","0","55","55.0","45","20","6","67","23","1.23","10.88","3.72","3.46","0.8","552.2","10430"
"Derek Law","Giants","3","3","2","19","3.41","0","55","55.0","50","21","5","53","18","1.25","8.67","3.00","3.47","0.5","596.8","13133"
"Rich Hill","Dodgers","11","7","0","0","3.21","24","24","140.0","116","50","14","156","51","1.19","10.01","3.27","3.48","2.8","127.2","4806"
"Steven Matz","Mets","10","9","0","0","3.50","28","28","161.0","149","63","17","162","46","1.21","9.03","2.59","3.48","3.2","165.8","13361"
"Chaz Roe","Braves","2","1","0","3","3.57","0","30","30.0","26","12","3","33","12","1.29","9.89","3.69","3.48","0.1","999.0","9866"
"Jerry Blevins","Mets","2","2","0","11","3.65","0","45","45.0","39","18","5","50","17","1.24","9.97","3.34","3.49","0.3","949.2","7841"
"Pedro Baez","Dodgers","3","2","1","18","3.44","0","55","55.0","47","21","7","60","16","1.15","9.79","2.65","3.49","0.7","542.7","5420"
"Adam Liberatore","Dodgers","1","1","0","1","3.44","0","25","25.0","21","10","3","27","9","1.21","9.81","3.20","3.49","0.1","999.0","10637"
"Aaron Barrett","","4","3","0","0","3.58","0","65","65.0","58","26","6","69","23","1.25","9.56","3.22","3.50","0.2","999.0","11243"
"Justin Grimm","Cubs","2","2","0","9","3.43","0","40","40.0","33","15","4","46","17","1.25","10.46","3.77","3.51","0.3","993.5","11720"
"Will Harris","Astros","3","2","1","17","3.37","0","55","55.0","49","21","6","57","17","1.21","9.40","2.86","3.51","0.6","416.3","3192"
"Aaron Nola","Phillies","10","9","0","0","3.64","28","28","162.0","158","66","17","148","39","1.21","8.21","2.15","3.51","3.3","194.8","16149"
"Joe Kelly","Red Sox","3","2","3","15","3.50","0","65","65.0","60","25","6","69","24","1.29","9.56","3.34","3.51","0.9","612.7","9761"
"Luke Gregerson","Astros","5","3","6","15","3.46","0","65","65.0","58","25","7","67","18","1.17","9.22","2.51","3.51","0.9","449.7","4090"
"Miguel Socolovich","Cardinals","2","2","0","6","3.51","0","35","35.0","31","14","3","35","12","1.25","8.92","3.19","3.51","0.1","999.0","6697"
"Blake Treinen","Nationals","3","2","3","17","3.39","0","55","55.0","50","21","4","53","23","1.33","8.73","3.70","3.51","0.6","424.0","12572"
"Steven Okert","Giants","2","2","0","6","3.34","0","35","35.0","31","13","3","37","13","1.26","9.49","3.32","3.52","0.1","999.0","13580"
"Boone Logan","Indians","4","3","2","12","3.52","0","55","55.0","47","22","6","67","23","1.26","10.95","3.71","3.53","0.5","912.5","5525"
"Chris Hatcher","Dodgers","3","2","0","10","3.49","0","40","40.0","35","16","4","43","13","1.20","9.65","2.89","3.53","0.3","999.0","3299"
"Jim Johnson","Braves","4","4","15","10","3.71","0","65","65.0","63","27","6","61","21","1.30","8.40","2.94","3.54","0.7","236.0","3656"
"Robbie Ray","Diamondbacks","11","9","0","0","3.64","29","29","164.0","148","66","18","192","64","1.29","10.55","3.49","3.54","3.3","202.6","11486"
"Daniel Winkler","Braves","1","1","0","1","3.49","0","15","15.0","13","6","2","16","5","1.24","9.62","3.13","3.54","0.0","999.0","12237"
"Brad Brach","Orioles","4","3","1","12","3.37","0","55","55.0","46","21","6","63","22","1.23","10.37","3.54","3.55","0.6","376.4","6627"
"Evan Scribner","Mariners","3","2","1","13","3.41","0","55","55.0","50","21","8","60","12","1.11","9.79","1.91","3.55","0.5","928.1","7525"
"Danny Barnes","Blue Jays","2","2","0","8","3.63","0","40","40.0","36","16","5","44","11","1.18","9.84","2.44","3.55","0.4","999.0","11388"
"Jameson Taillon","Pirates","10","9","0","0","3.64","29","29","174.0","176","70","18","146","37","1.22","7.56","1.93","3.55","3.1","152.3","11674"
"A.J. Ramos","Marlins","3","3","32","6","3.33","0","65","65.0","53","24","5","73","33","1.31","10.08","4.52","3.55","0.9","139.7","8350"
"Xavier Cedeno","Rays","4","3","2","15","3.40","0","55","55.0","49","21","6","57","18","1.22","9.29","3.00","3.56","0.5","862.6","36"
"Cory Mazzoni","Padres","0","1","0","1","4.27","0","10","10.0","9","5","1","11","4","1.32","9.63","3.43","3.56","0.0","999.0","12537"
"Tony Watson","Pirates","4","3","31","8","3.35","0","65","65.0","60","24","6","59","18","1.20","8.19","2.52","3.57","0.8","142.9","3132"
"Carl Edwards Jr.","Cubs","3","2","0","15","3.40","0","55","55.0","41","21","5","71","31","1.30","11.69","5.00","3.57","0.5","415.5","13607"
"Dallas Keuchel","Astros","15","11","0","0","3.60","32","32","213.0","205","85","21","183","57","1.23","7.75","2.39","3.57","4.2","142.8","9434"
"Juan Nicasio","Pirates","3","3","1","17","3.71","0","55","55.0","51","23","6","58","20","1.29","9.44","3.28","3.57","0.5","544.0","7731"
"Kyle Hendricks","Cubs","12","8","0","0","3.40","29","29","172.0","158","65","18","151","42","1.16","7.89","2.17","3.57","3.3","69.8","12049"
"Sammy Solis","Nationals","3","2","0","11","3.35","0","45","45.0","40","17","4","48","18","1.28","9.59","3.54","3.58","0.3","900.5","11457"
"Corey Knebel","Brewers","3","3","4","14","3.61","0","65","65.0","55","26","7","79","27","1.27","10.97","3.79","3.58","1.1","389.0","15010"
"Carlos Martinez","Cardinals","14","11","0","0","3.46","32","32","201.0","186","77","18","191","70","1.28","8.56","3.14","3.59","3.5","63.5","11682"
"Ian Krol","Braves","2","2","1","13","3.57","0","55","55.0","50","22","6","60","21","1.30","9.76","3.43","3.60","0.4","915.6","10066"
"Joe Blanton","Nationals","4","3","1","15","3.51","0","55","55.0","50","21","6","56","16","1.20","9.11","2.58","3.60","0.4","643.0","4849"
"Julio Urias","Dodgers","6","5","0","0","3.49","18","18","102.0","92","40","11","104","35","1.24","9.12","3.06","3.61","1.9","202.3","14765"
"David Phelps","Marlins","3","3","1","11","3.38","3","48","64.0","56","24","6","60","22","1.24","8.52","3.16","3.61","0.5","346.6","6316"
"Danny Salazar","Indians","12","9","0","0","3.58","29","29","170.0","150","68","20","190","60","1.23","10.06","3.15","3.61","3.4","122.2","5867"
"Steve Cishek","Mariners","3","2","0","8","3.56","0","40","40.0","36","16","4","43","14","1.25","9.67","3.25","3.61","0.3","563.3","6483"
"Jeff Samardzija","Giants","12","10","0","0","3.64","31","31","196.0","189","79","20","167","48","1.21","7.69","2.19","3.61","3.1","202.6","3254"
"Sergio Romo","Dodgers","3","2","1","15","3.48","0","55","55.0","49","21","8","58","13","1.13","9.50","2.07","3.61","0.5","609.1","9817"
"Cory Gearrin","Giants","2","2","1","12","3.51","0","45","45.0","41","18","4","44","16","1.26","8.70","3.11","3.62","0.2","999.0","7947"
"Arodys Vizcaino","Braves","3","3","22","9","3.58","0","65","65.0","57","26","6","75","31","1.34","10.35","4.24","3.62","0.6","332.5","5498"
"Daniel Coulombe","Athletics","1","1","0","3","3.70","0","30","30.0","27","12","3","31","13","1.35","9.43","4.02","3.62","0.1","999.0","13293"
"Francelis Montas","Athletics","1","1","0","1","3.57","0","25","25.0","22","10","2","28","10","1.29","9.96","3.77","3.62","0.1","612.4","14309"
"Koda Glover","Nationals","3","2","17","14","3.65","0","65","65.0","59","26","8","68","20","1.21","9.35","2.75","3.63","0.8","288.1","17695"
"Kenta Maeda","Dodgers","11","9","0","0","3.57","26","26","154.0","142","61","18","146","39","1.18","8.53","2.31","3.64","2.8","108.2","18498"
"Marcus Stroman","Blue Jays","11","8","0","0","3.85","28","28","167.0","168","71","17","139","44","1.27","7.51","2.36","3.64","3.2","134.4","13431"
"Jacob Barnes","Brewers","2","2","1","10","3.73","0","45","45.0","42","19","5","46","17","1.29","9.29","3.31","3.64","0.3","768.7","12323"
"Justin Wilson","Tigers","4","3","3","14","3.79","0","65","65.0","59","27","7","68","24","1.28","9.44","3.31","3.65","0.9","762.8","4301"
"James Paxton","Mariners","11","10","0","0","3.71","29","29","170.0","165","70","19","159","51","1.27","8.39","2.68","3.65","3.1","161.0","11828"
"Justin Verlander","Tigers","14","11","0","0","3.66","34","34","221.0","199","90","27","219","60","1.17","8.91","2.46","3.65","4.6","45.3","8700"
"Zach Putnam","White Sox","3","3","2","12","3.58","0","55","55.0","48","22","6","61","23","1.30","9.94","3.78","3.65","0.5","957.9","9080"
"Gio Gonzalez","Nationals","11","9","0","0","3.80","29","29","165.0","159","69","16","155","58","1.32","8.47","3.17","3.65","2.9","280.9","7448"
"Tyler Lyons","Cardinals","1","1","0","1","3.41","0","15","15.0","14","6","2","15","4","1.16","9.13","2.28","3.65","0.0","957.6","11334"
"Edubray Ramos","Phillies","3","2","0","11","3.70","0","45","45.0","41","19","5","45","13","1.20","9.05","2.54","3.66","0.3","753.7","16086"
"Glen Perkins","Twins","1","0","1","0","3.80","0","10","10.0","10","4","1","10","3","1.23","8.88","2.30","3.66","0.0","481.0","8041"
"Brandon Maurer","Padres","3","4","26","8","3.90","0","65","65.0","60","28","7","64","21","1.25","8.86","2.92","3.66","0.8","232.7","4878"
"Garrett Richards","Angels","11","8","0","0","3.57","26","26","161.0","146","64","15","151","58","1.27","8.44","3.24","3.66","2.7","226.3","9784"
"Andrew Chafin","Diamondbacks","3","2","2","13","3.53","0","55","55.0","51","22","5","52","22","1.32","8.53","3.57","3.67","0.5","999.0","12988"
"Matt Andriese","Rays","7","6","0","8","3.74","13","53","115.0","112","48","13","101","26","1.20","7.93","2.04","3.67","1.6","368.1","12022"
"Sam Dyson","Rangers","4","3","32","4","3.55","0","65","65.0","64","26","6","56","21","1.31","7.80","2.90","3.68","0.9","163.6","11710"
"Hector Neris","Phillies","3","3","8","14","3.57","0","65","65.0","56","26","7","74","25","1.25","10.29","3.53","3.68","0.8","218.9","11804"
"Fernando Salas","Mets","3","3","1","14","3.83","0","55","55.0","51","23","7","55","15","1.19","8.98","2.42","3.68","0.5","867.7","4971"
"Christopher Devenski","Astros","3","2","0","14","3.58","2","57","64.0","60","26","8","63","17","1.19","8.81","2.33","3.68","0.7","315.8","12763"
"Shawn Armstrong","Indians","2","1","0","5","3.53","0","35","35.0","29","14","4","44","18","1.33","11.22","4.52","3.68","0.1","999.0","12857"
"Jose De Leon","Rays","7","6","0","0","3.66","21","21","120.0","104","49","16","135","38","1.19","10.18","2.87","3.68","2.4","338.6","15463"
"Felix Pena","Cubs","1","1","0","1","3.55","0","20","20.0","17","8","2","23","8","1.24","10.33","3.62","3.69","0.1","999.0","13403"
"Dan Otero","Indians","2","2","1","10","3.61","0","45","45.0","47","18","5","33","9","1.25","6.67","1.82","3.69","0.3","755.2","7385"
"Jose Quintana","White Sox","12","11","0","0","3.73","32","32","206.0","204","85","23","182","53","1.25","7.98","2.30","3.69","4.4","101.1","11423"
"Nick Vincent","Mariners","3","3","1","16","3.65","0","55","55.0","50","22","7","58","16","1.21","9.46","2.66","3.70","0.6","739.8","7555"
"Jonathan Holder","Yankees","2","2","0","5","3.78","0","35","35.0","32","15","5","37","9","1.19","9.51","2.40","3.70","0.1","945.6","16588"
"Joe Ross","Nationals","10","8","0","0","3.79","26","26","148.0","145","62","16","132","41","1.25","8.01","2.47","3.70","2.5","226.2","12972"
"Zach McAllister","Indians","2","2","0","8","3.65","0","40","40.0","37","16","5","42","13","1.27","9.56","3.03","3.71","0.3","940.5","2895"
"Daniel Hudson","Pirates","2","2","5","12","3.90","0","55","55.0","53","24","6","52","19","1.31","8.43","3.08","3.72","0.5","442.3","7146"
"Adam Ottavino","Rockies","4","3","14","10","3.73","0","65","65.0","60","27","8","72","24","1.28","10.03","3.26","3.72","1.0","193.7","1247"
"Paul Sewald","Mets","1","1","0","1","3.80","0","15","15.0","13","6","2","16","5","1.25","9.73","3.17","3.72","0.0","999.0","sa658150"
"Samuel Tuivailala","Cardinals","1","1","0","1","3.63","0","20","20.0","17","8","2","23","10","1.36","10.43","4.59","3.72","0.0","999.0","13485"
"Matt Harvey","Mets","8","7","0","0","3.79","24","24","145.0","136","61","15","124","41","1.22","7.69","2.55","3.73","2.7","159.1","11713"
"Matt Bowman","Cardinals","2","2","0","9","3.73","0","40","40.0","40","17","4","31","12","1.30","7.08","2.77","3.73","0.2","999.0","13528"
"Shae Simmons","Mariners","1","1","0","2","3.58","0","20","20.0","18","8","2","20","9","1.34","9.12","4.19","3.73","0.0","916.5","14200"
"Hyun-Jin Ryu","Dodgers","3","3","0","0","3.83","8","8","47.0","47","20","5","37","11","1.24","7.25","2.07","3.74","0.7","377.1","14444"
"Rick Porcello","Red Sox","14","10","0","0","3.77","31","31","198.0","202","83","23","162","38","1.21","7.35","1.72","3.74","3.8","100.9","2717"
"Brad Ziegler","Marlins","3","3","2","16","3.52","0","55","55.0","54","22","4","42","20","1.34","6.83","3.20","3.74","0.3","428.8","7293"
"Michael Feliz","Astros","2","2","0","9","3.97","0","40","40.0","36","18","5","45","15","1.28","10.13","3.42","3.74","0.2","563.3","11903"
"Oliver Drake","Orioles","2","2","0","8","3.74","0","40","40.0","34","17","5","48","18","1.30","10.70","4.10","3.75","0.2","999.0","8823"
"Charlie Furbush","","3","3","0","0","3.68","0","65","65.0","59","27","7","65","21","1.24","9.06","2.96","3.75","0.1","999.0","1370"
"Hansel Robles","Mets","3","3","1","17","3.70","0","55","55.0","47","23","7","61","21","1.24","10.01","3.50","3.75","0.6","874.2","11801"
"Zack Greinke","Diamondbacks","12","10","0","0","3.69","29","29","182.0","176","75","22","161","44","1.21","7.92","2.17","3.75","3.3","98.1","1943"
"A.J. Schugel","Pirates","2","2","0","6","3.83","0","35","35.0","35","15","3","29","10","1.30","7.47","2.67","3.75","0.0","999.0","11432"
"Luke Hochevar","","4","3","0","0","3.61","0","65","65.0","59","26","8","67","21","1.23","9.25","2.93","3.77","0.4","984.5","6943"
"Jake Diekman","Rangers","1","1","0","1","3.66","0","25","25.0","22","10","3","28","12","1.34","9.94","4.18","3.77","0.1","818.2","5003"
"Marc Rzepczynski","Mariners","2","2","0","10","3.58","0","45","45.0","42","18","4","45","20","1.38","9.01","4.02","3.77","0.2","999.0","6612"
"Vince Velasquez","Phillies","9","9","0","0","3.88","28","28","156.0","141","67","22","175","52","1.24","10.13","2.98","3.78","2.9","186.7","11189"
"Darren O'Day","Orioles","5","3","2","14","3.35","0","65","65.0","56","24","9","73","21","1.18","10.17","2.89","3.79","1.0","512.6","3321"
"Shawn Tolleson","Rays","2","2","0","5","3.83","0","35","35.0","33","15","4","34","10","1.23","8.77","2.65","3.79","0.0","917.1","10481"
"Tyler Glasnow","Pirates","8","7","0","0","3.73","23","23","129.0","110","53","12","148","70","1.40","10.38","4.92","3.79","2.0","267.6","14374"
"Drew Storen","Reds","3","3","18","6","3.68","0","65","65.0","60","27","7","63","19","1.22","8.72","2.61","3.79","0.7","399.0","6983"
"Blake Wood","Reds","3","2","0","10","3.76","0","45","45.0","39","19","5","50","21","1.33","10.08","4.23","3.79","0.3","999.0","1345"
"Tyler Skaggs","Angels","9","8","0","0","3.72","24","24","139.0","128","57","15","133","48","1.27","8.66","3.12","3.79","2.1","313.9","10190"
"Masahiro Tanaka","Yankees","12","10","0","0","3.78","32","32","203.0","200","85","27","178","40","1.18","7.90","1.78","3.80","4.0","84.8","15764"
"Mike Morin","Angels","4","3","1","15","3.75","0","55","55.0","51","23","7","52","16","1.22","8.49","2.67","3.80","0.5","979.5","13442"
"Oliver Perez","Nationals","2","2","0","9","3.67","0","40","40.0","35","16","4","44","16","1.30","9.90","3.70","3.80","0.2","977.5","1514"
"Buddy Boshers","Twins","1","1","0","1","3.96","0","25","25.0","24","11","2","24","10","1.36","8.78","3.70","3.81","0.0","999.0","8490"
"Casey Fien","Mariners","2","2","0","5","3.90","0","35","35.0","34","15","5","31","8","1.20","8.09","2.03","3.81","0.1","999.0","3926"
"Alex Wood","Dodgers","7","6","0","1","3.76","16","36","114.0","110","48","13","102","34","1.26","8.03","2.70","3.81","1.4","368.6","13781"
"Tyler Webb","Pirates","0","1","0","1","3.86","0","10","10.0","9","4","1","10","4","1.31","8.96","3.31","3.82","0.0","999.0","sa602910"
"Tyler Jones","Diamondbacks","2","1","0","3","3.84","0","30","30.0","28","13","3","30","12","1.34","8.91","3.56","3.82","0.1","999.0","sa549495"
"Tyler Thornburg","Red Sox","4","3","1","13","3.63","0","55","55.0","49","22","6","59","23","1.30","9.61","3.71","3.83","0.4","311.7","10688"
"Dario Alvarez","Rangers","2","2","0","3","3.85","0","30","30.0","26","13","4","38","13","1.30","11.36","3.86","3.83","0.1","999.0","14239"
"Jonathan Broxton","Cardinals","3","2","1","11","3.86","0","45","45.0","42","19","5","42","17","1.31","8.36","3.36","3.83","0.2","912.1","4759"
"Jaime Garcia","Braves","8","8","0","0","3.81","23","23","131.0","130","55","15","116","39","1.29","7.97","2.69","3.83","1.8","368.4","8137"
"Ryan Dull","Athletics","4","3","1","12","3.72","0","55","55.0","51","23","7","55","16","1.21","8.93","2.63","3.83","0.5","372.4","13974"
"Matt Shoemaker","Angels","13","11","0","0","3.83","32","32","193.0","187","82","25","170","44","1.20","7.91","2.03","3.83","3.3","216.4","4776"
"Ryan Madson","Athletics","4","4","20","9","3.78","0","65","65.0","64","27","7","56","20","1.30","7.81","2.78","3.83","0.6","254.3","1852"
"Jacob Rhame","Dodgers","1","1","0","1","3.86","0","10","10.0","9","4","1","11","4","1.29","9.78","3.68","3.83","0.0","999.0","sa737837"
"Jeremy Jeffress","Rangers","3","2","2","15","3.61","0","55","55.0","56","22","5","45","20","1.38","7.44","3.19","3.83","0.4","400.2","9490"
"Nick Wittgren","Marlins","2","2","0","3","3.74","0","30","30.0","29","12","3","26","8","1.23","7.68","2.28","3.84","0.0","960.6","15594"
"Silvino Bracho","Diamondbacks","1","1","0","1","3.87","0","20","20.0","19","9","3","21","6","1.23","9.57","2.73","3.84","0.0","813.7","15051"
"Pat Neshek","Phillies","3","3","1","14","3.67","0","55","55.0","51","22","8","54","15","1.18","8.84","2.38","3.84","0.5","789.9","4682"
"Leonel Campos","Padres","1","1","0","5","3.82","0","35","35.0","30","15","4","41","18","1.38","10.55","4.66","3.84","0.1","999.0","12277"
"Blake Parker","Angels","0","0","0","1","3.71","0","10","10.0","9","4","1","11","4","1.25","9.55","3.26","3.84","0.0","954.5","5224"
"Adam Wainwright","Cardinals","11","10","0","0","3.94","28","28","171.0","174","75","18","134","46","1.29","7.07","2.41","3.85","2.7","231.0","2233"
"Ryan Buchter","Padres","2","2","2","15","3.57","0","55","55.0","45","22","6","65","27","1.31","10.65","4.46","3.85","0.5","641.2","9456"
"Blake Snell","Rays","10","9","0","0","3.69","24","24","137.0","119","56","15","154","67","1.35","10.06","4.37","3.85","2.1","228.3","13543"
"Alex Claudio","Rangers","2","2","0","8","3.70","0","40","40.0","42","16","4","29","11","1.31","6.61","2.41","3.85","0.2","999.0","12890"
"Luke Weaver","Cardinals","4","4","0","0","4.00","11","11","66.0","66","29","8","58","17","1.26","7.87","2.34","3.85","1.0","325.6","16918"
"Michael Tonkin","Twins","2","1","0","5","3.94","0","35","35.0","34","15","4","35","11","1.29","8.98","2.82","3.85","0.1","751.5","10315"
"Giovanny Gallegos","Yankees","1","1","0","1","3.93","0","10","10.0","9","4","1","11","3","1.22","9.90","2.78","3.85","0.0","999.0","sa659493"
"Austin Adams","Angels","1","1","0","5","4.01","0","10","10.0","10","4","1","9","3","1.29","8.12","2.97","3.86","0.0","999.0","7411"
"Austin Adams","Angels","2","2","0","18","4.01","0","35","35.0","34","16","4","32","12","1.29","8.12","2.97","3.86","0.0","999.0","7411"
"Ivan Nova","Pirates","11","11","0","0","4.01","29","29","171.0","182","76","17","128","41","1.30","6.70","2.13","3.86","2.4","256.0","1994"
"Aaron Sanchez","Blue Jays","14","9","0","0","3.69","32","32","205.0","193","84","21","179","73","1.30","7.86","3.19","3.86","3.4","81.2","11490"
"Taylor Rogers","Twins","3","2","1","11","3.89","0","55","55.0","56","24","6","47","17","1.33","7.73","2.76","3.87","0.3","950.3","13449"
"John Lackey","Cubs","12","9","0","0","3.74","29","29","185.0","171","77","23","166","50","1.20","8.06","2.45","3.87","2.9","162.1","1507"
"Matt Barnes","Red Sox","2","2","1","10","3.91","0","45","45.0","42","20","5","46","19","1.36","9.23","3.77","3.87","0.2","760.1","12863"
"Felix Hernandez","Mariners","13","12","0","0","3.79","32","32","207.0","197","87","23","185","65","1.27","8.07","2.83","3.87","3.2","130.6","4772"
"Bryan Shaw","Indians","3","3","2","15","3.68","0","55","55.0","52","22","6","53","20","1.31","8.62","3.27","3.87","0.4","706.0","8110"
"Drew Pomeranz","Red Sox","10","7","0","0","3.84","24","24","139.0","127","59","17","140","52","1.29","9.11","3.39","3.87","2.3","229.5","11426"
"James Pazos","Mariners","1","1","0","3","3.72","0","30","30.0","27","12","3","32","13","1.33","9.72","4.04","3.88","0.1","999.0","13323"
"Sonny Gray","Athletics","10","9","0","0","4.01","26","26","159.0","160","71","17","134","52","1.33","7.55","2.96","3.88","2.4","255.7","12768"
"Jake McGee","Rockies","3","2","1","13","3.85","0","55","55.0","54","24","7","54","18","1.30","8.90","2.92","3.88","0.5","632.5","7550"
"Francisco Rodriguez","Tigers","4","3","33","3","3.59","0","65","65.0","62","26","8","61","21","1.27","8.41","2.90","3.88","0.6","154.7","1642"
"Carlos Rodon","White Sox","10","9","0","0","3.91","28","28","162.0","154","71","19","167","62","1.33","9.27","3.42","3.88","2.9","187.5","16137"
"Joaquin Benoit","Phillies","3","3","10","11","3.38","0","55","55.0","47","21","6","59","23","1.28","9.64","3.84","3.88","0.6","436.7","1437"
"Andrew Triggs","Athletics","6","7","0","0","4.09","24","24","137.0","140","62","14","112","41","1.32","7.31","2.67","3.88","2.0","361.9","13533"
"Danny Duffy","Royals","12","10","0","0","3.65","31","31","183.0","171","74","22","171","55","1.23","8.43","2.70","3.89","2.9","100.2","3542"
"Matt Moore","Giants","12","11","0","0","3.76","31","31","177.0","162","74","18","165","68","1.30","8.43","3.46","3.89","2.3","174.1","1890"
"Severino Gonzalez","Marlins","1","1","0","1","4.10","0","15","15.0","15","7","2","12","3","1.23","7.03","1.96","3.89","0.0","999.0","14697"
"Buddy Baumann","Padres","1","1","0","1","3.87","0","25","25.0","23","11","3","24","10","1.32","8.66","3.51","3.89","0.0","999.0","9309"
"Joakim Soria","Royals","5","4","3","14","3.76","0","65","65.0","61","27","7","64","24","1.31","8.79","3.30","3.89","0.5","584.2","6941"
"Jose Alvarez","Angels","2","2","0","8","3.77","0","40","40.0","39","17","4","35","13","1.30","7.92","3.03","3.90","0.1","999.0","5358"
"Matt Strahm","Royals","3","3","1","15","3.76","0","55","55.0","52","23","7","55","18","1.27","8.98","2.92","3.90","0.3","999.0","13799"
"Kirby Yates","Angels","1","1","0","1","3.61","0","20","20.0","18","8","2","22","8","1.27","9.70","3.54","3.91","0.0","999.0","9073"
"Josh Hader","Brewers","3","2","0","0","3.96","8","8","47.0","41","21","6","54","21","1.34","10.36","4.04","3.91","0.8","999.0","sa658473"
"Wei-Yin Chen","Marlins","10","9","0","0","3.83","29","29","174.0","174","74","22","140","38","1.22","7.21","1.98","3.91","2.3","336.2","13071"
"Cole Hamels","Rangers","12","9","0","0","3.79","32","32","206.0","200","87","24","194","68","1.30","8.46","2.97","3.92","3.2","81.2","4972"
"Rowan Wick","Cardinals","0","0","0","1","3.96","0","10","10.0","9","4","1","10","5","1.43","9.24","4.79","3.92","0.0","999.0","sa549441"
"Sean Manaea","Athletics","10","9","0","0","3.99","28","28","161.0","158","71","19","144","50","1.29","8.08","2.82","3.92","2.4","191.3","15873"
"Danny Farquhar","Rays","3","2","1","12","3.76","0","55","55.0","51","23","7","53","19","1.27","8.72","3.07","3.92","0.2","921.3","8501"
"Jason Grilli","Blue Jays","6","5","3","15","3.82","0","65","65.0","55","28","9","78","27","1.27","10.86","3.78","3.92","0.6","681.9","521"
"Brian Ellington","Marlins","1","1","0","1","3.74","0","20","20.0","17","8","2","22","11","1.39","9.72","4.90","3.93","0.0","910.5","17233"
"Cesar Vargas","Padres","1","2","0","1","4.07","2","22","29.0","29","13","3","27","10","1.33","8.14","3.13","3.93","0.1","975.6","14099"
"Kevin Quackenbush","Padres","3","3","2","13","3.95","0","55","55.0","53","24","6","50","19","1.31","8.14","3.15","3.94","0.3","812.3","12360"
"Aaron Loup","Blue Jays","2","1","0","3","3.75","0","30","30.0","28","13","3","29","10","1.29","8.56","3.06","3.94","0.1","833.5","10343"
"Andrew Bailey","Angels","4","4","4","14","3.91","0","65","65.0","59","28","8","64","23","1.27","8.83","3.20","3.94","0.6","582.6","1368"
"Kevin Siegrist","Cardinals","4","3","4","15","3.64","0","65","65.0","54","26","8","74","30","1.29","10.23","4.10","3.94","0.6","589.1","8180"
"Zack Wheeler","Mets","3","4","0","1","3.88","6","31","62.0","59","27","7","60","25","1.35","8.66","3.65","3.94","0.6","361.1","10310"
"Collin McHugh","Astros","12","10","0","0","4.00","31","31","183.0","182","81","23","165","51","1.27","8.10","2.49","3.94","3.0","277.1","7531"
"Jharel Cotton","Athletics","8","8","0","0","4.10","26","26","152.0","147","69","18","146","53","1.31","8.64","3.14","3.95","2.6","233.6","13654"
"Chase Whitley","Rays","1","1","0","1","3.92","0","15","15.0","15","7","2","13","4","1.26","7.90","2.57","3.95","0.0","830.5","10982"
"Wade LeBlanc","Pirates","2","2","0","1","3.95","3","23","39.0","39","17","4","32","11","1.29","7.31","2.46","3.95","0.3","921.7","5221"
"Ryan Pressly","Twins","4","4","4","16","3.93","0","65","65.0","65","28","7","57","23","1.36","7.93","3.18","3.96","0.6","807.7","7005"
"Lance Lynn","Cardinals","11","9","0","0","3.87","28","28","159.0","155","68","17","142","59","1.34","8.03","3.34","3.96","2.3","277.2","2520"
"Joseph Biagini","Blue Jays","3","3","1","15","3.89","0","55","55.0","55","24","6","49","17","1.31","7.95","2.76","3.96","0.4","999.0","13194"
"Kevin Gausman","Orioles","11","10","0","0","4.01","29","29","172.0","169","76","22","159","52","1.29","8.33","2.73","3.96","3.1","140.2","14107"
"Joba Chamberlain","Brewers","2","2","0","8","4.01","0","40","40.0","37","18","4","40","17","1.37","8.93","3.90","3.97","0.1","999.0","2692"
"Jon Gray","Rockies","12","9","0","0","4.15","31","31","181.0","179","84","23","183","63","1.33","9.07","3.14","3.97","3.2","175.1","14916"
"Tony Barnette","Rangers","4","2","1","13","3.72","0","55","55.0","54","23","6","49","18","1.32","7.96","3.01","3.97","0.3","876.5","3555"
"Paco Rodriguez","Braves","2","2","0","8","3.65","0","40","40.0","35","16","5","43","18","1.34","9.69","4.06","3.97","0.1","999.0","13398"
"Heath Hembree","Red Sox","2","1","0","5","3.84","0","35","35.0","33","15","4","35","13","1.32","8.89","3.32","3.98","0.0","999.0","11632"
"Brian Flynn","Royals","1","1","0","1","3.80","0","20","20.0","19","8","2","18","8","1.35","8.09","3.64","3.98","0.0","905.0","12027"
"George Kontos","Giants","3","3","2","15","3.73","0","55","55.0","54","23","6","42","17","1.29","6.84","2.79","3.98","0.1","749.4","9486"
"Luis Avilan","Dodgers","2","1","0","3","3.66","0","30","30.0","28","12","3","28","11","1.30","8.48","3.42","3.98","0.0","978.5","2882"
"Robbie Ross Jr.","Red Sox","3","2","2","15","3.75","0","55","55.0","53","23","6","51","20","1.33","8.32","3.30","3.98","0.3","999.0","6819"
"Julio Teheran","Braves","10","10","0","0","3.90","29","29","181.0","173","79","23","162","50","1.23","8.02","2.48","3.98","2.4","99.1","6797"
"Paul Fry","Mariners","1","1","0","1","3.84","0","15","15.0","14","6","2","15","7","1.36","9.30","4.12","3.98","0.0","999.0","sa738159"
"Jose Ruiz","Padres","1","1","0","0","4.35","0","10","10.0","9","5","1","11","6","1.45","10.07","5.03","3.99","0.0","999.0","sa657492"
"Matt Belisle","Twins","2","2","2","13","4.06","0","55","55.0","59","25","6","40","16","1.37","6.47","2.56","3.99","0.3","812.0","1837"
"Santiago Casilla","Athletics","3","2","6","12","3.64","0","55","55.0","52","22","6","51","19","1.29","8.31","3.15","3.99","0.3","434.7","2873"
"Enny Romero","Nationals","2","1","0","6","3.97","0","35","35.0","31","15","4","35","16","1.35","9.11","4.09","3.99","0.0","999.0","4001"
"Drew Steckenrider","Marlins","0","0","0","1","3.90","0","10","10.0","9","4","1","10","5","1.42","8.89","4.67","3.99","0.0","999.0","sa621408"
"Antonio Bastardo","Pirates","2","2","0","11","3.95","0","45","45.0","40","20","5","47","20","1.34","9.36","4.06","4.00","0.2","933.0","8844"
"Jake Odorizzi","Rays","9","9","0","0","3.91","28","28","160.0","150","69","21","147","48","1.24","8.25","2.70","4.00","2.3","187.1","6397"
"Scott Kazmir","Dodgers","4","4","0","0","3.91","13","13","73.0","69","32","9","68","23","1.26","8.38","2.84","4.00","1.1","386.3","4897"
"Michael Wacha","Cardinals","8","8","0","0","4.10","23","23","130.0","131","59","15","109","42","1.32","7.55","2.91","4.01","1.7","321.6","14078"
"Luis Garcia","Phillies","2","2","0","3","3.92","0","30","30.0","29","13","3","29","15","1.46","8.62","4.60","4.01","0.1","999.0","6984"
"Bruce Rondon","Tigers","2","2","0","3","4.03","0","30","30.0","27","13","4","33","14","1.36","10.03","4.26","4.01","0.1","494.6","5766"
"Zac Rosscup","","3","3","0","0","4.04","0","65","65.0","56","29","8","74","33","1.36","10.21","4.54","4.01","0.1","999.0","9419"
"Lisalverto Bonilla","Reds","2","2","0","5","3.93","0","35","35.0","31","15","5","38","14","1.30","9.65","3.63","4.01","0.0","999.0","11266"
"Kyle Crockett","Indians","1","1","0","1","3.95","0","25","25.0","25","11","3","23","9","1.35","8.17","3.25","4.01","0.0","999.0","15033"
"Michael Fulmer","Tigers","11","9","0","0","3.93","29","29","171.0","169","75","21","147","50","1.28","7.74","2.63","4.02","2.7","130.2","13218"
"Jake Petricka","White Sox","2","2","0","8","3.76","0","40","40.0","39","17","4","34","18","1.43","7.68","4.02","4.02","0.1","999.0","10534"
"Josh Osich","Giants","2","2","0","10","3.83","0","40","40.0","37","17","4","37","19","1.39","8.30","4.16","4.02","0.0","999.0","11528"
"Josh Ravin","Dodgers","0","0","0","1","3.89","0","10","10.0","8","4","1","12","4","1.27","10.92","3.95","4.02","0.0","999.0","2951"
"Jonathan Papelbon","","4","3","0","0","3.76","0","65","65.0","63","27","8","56","20","1.26","7.79","2.70","4.03","0.3","673.5","5975"
"Hunter Cervenka","Marlins","1","1","0","1","3.86","0","25","25.0","21","11","2","26","14","1.43","9.29","5.20","4.03","0.0","999.0","10510"
"Trevor Gott","Nationals","2","1","0","3","3.86","0","30","30.0","30","13","3","24","12","1.38","7.19","3.50","4.03","0.1","999.0","15046"
"Fernando Rodney","Diamondbacks","4","3","26","9","3.86","0","65","65.0","59","28","7","68","30","1.37","9.41","4.18","4.03","0.3","284.1","494"
"Brett Anderson","Cubs","4","3","0","0","4.05","10","10","55.0","58","25","6","39","17","1.35","6.28","2.70","4.03","0.7","588.3","8223"
"Drew Smyly","Mariners","10","10","0","0","4.06","29","29","168.0","160","76","25","164","48","1.23","8.74","2.55","4.04","2.8","199.5","11760"
"Kevin Chapman","Braves","1","1","0","1","4.17","0","20","20.0","19","9","2","21","10","1.42","9.42","4.34","4.04","0.0","999.0","11240"
"Matt Grace","Nationals","1","1","0","1","3.97","0","20","20.0","21","9","2","15","7","1.37","6.53","3.02","4.04","0.0","812.5","11449"
"J.P. Howell","Blue Jays","3","3","1","13","3.90","0","55","55.0","56","24","5","45","21","1.40","7.42","3.42","4.04","0.2","999.0","8245"
"Brad Boxberger","Rays","5","4","3","17","3.79","0","65","65.0","55","27","8","75","31","1.32","10.44","4.29","4.04","0.5","523.3","10133"
"Mike Leake","Cardinals","11","11","0","0","4.15","31","31","188.0","202","87","21","129","42","1.30","6.14","2.02","4.04","2.3","348.2","10130"
"Carlos Estevez","Rockies","4","3","2","16","4.20","0","55","55.0","53","26","6","56","23","1.38","9.24","3.83","4.05","0.5","839.4","14542"
"Rafael Martin","Nationals","2","1","0","1","3.98","0","25","25.0","23","11","3","27","10","1.32","9.55","3.67","4.05","0.0","999.0","10258"
"Tyson Ross","Rangers","7","6","0","0","4.12","19","19","114.0","113","52","12","102","47","1.41","8.06","3.70","4.05","1.6","331.6","7872"
"Sean Gilmartin","Mets","3","3","0","6","4.14","3","38","54.0","53","25","6","46","17","1.31","7.66","2.83","4.05","0.4","999.0","12781"
"Hisashi Iwakuma","Mariners","11","11","0","0","4.14","29","29","176.0","184","81","24","137","36","1.25","7.02","1.83","4.06","2.6","251.9","13048"
"Zach Davies","Brewers","9","9","0","0","4.18","28","28","158.0","161","74","20","136","47","1.32","7.71","2.69","4.06","2.4","272.1","13183"
"Michael Lorenzen","Reds","2","2","4","13","3.80","0","55","55.0","52","23","7","52","18","1.28","8.45","2.99","4.06","0.3","389.7","14843"
"Alex Cobb","Rays","8","8","0","0","3.93","23","23","132.0","132","58","14","104","43","1.33","7.12","2.94","4.06","1.7","273.1","6562"
"Fernando Abad","Red Sox","2","1","0","3","3.88","0","30","30.0","28","13","3","29","12","1.33","8.56","3.64","4.06","0.0","999.0","4994"
"Joe Musgrove","Astros","3","3","0","0","4.22","8","8","47.0","48","22","7","40","9","1.22","7.80","1.79","4.06","0.7","283.3","12970"
"J.T. Chargois","Twins","2","2","3","8","4.11","0","45","45.0","44","21","4","42","20","1.43","8.38","4.01","4.06","0.1","743.8","13767"
"Tony Sipp","Astros","3","2","0","11","3.83","0","45","45.0","41","19","7","48","16","1.26","9.54","3.23","4.07","0.2","999.0","8280"
"Luis Severino","Yankees","7","7","0","0","4.15","19","19","113.0","110","52","15","106","36","1.30","8.45","2.90","4.07","1.9","343.7","15890"
"Dan Altavilla","Mariners","4","4","2","16","3.93","0","65","65.0","61","28","8","62","25","1.32","8.61","3.42","4.07","0.5","748.6","16507"
"Alex Meyer","Angels","6","5","0","0","4.08","16","16","94.0","85","43","11","96","42","1.35","9.23","4.01","4.07","1.2","710.2","12833"
"David Paulino","Astros","2","2","0","1","4.12","3","28","44.0","42","20","6","41","14","1.30","8.37","2.94","4.07","0.3","652.8","17418"
"Archie Bradley","Diamondbacks","3","3","0","0","4.18","0","45","45.0","43","21","5","45","20","1.40","8.98","3.96","4.07","0.1","359.8","12918"
"Joe Smith","Blue Jays","3","2","0","10","3.77","0","45","45.0","44","19","5","39","14","1.30","7.76","2.87","4.07","0.2","889.2","3281"
"Ty Blach","Giants","5","5","0","4","4.05","10","40","86.0","91","39","9","58","23","1.32","6.00","2.40","4.08","0.6","578.4","14361"
"Keith Hessler","Padres","2","2","0","8","4.03","0","40","40.0","39","18","5","37","16","1.37","8.38","3.60","4.08","0.1","999.0","12220"
"Andrew Heaney","Angels","1","1","0","0","3.97","2","2","9.0","9","4","1","8","3","1.29","7.38","2.61","4.08","0.1","946.5","15423"
"Bartolo Colon","Braves","9","11","0","0","4.20","28","28","162.0","178","76","21","112","28","1.28","6.20","1.57","4.08","2.0","347.0","375"
"Kyle Zimmer","Royals","2","2","0","3","4.12","0","30","30.0","29","14","3","28","12","1.37","8.38","3.68","4.08","0.0","999.0","sa621583"
"Dan Jennings","White Sox","3","2","3","14","3.78","0","55","55.0","55","23","5","46","24","1.44","7.49","3.91","4.09","0.4","999.0","8073"
"Yusmeiro Petit","Angels","1","1","0","3","4.03","0","30","30.0","29","13","4","26","7","1.22","7.84","2.11","4.09","0.1","927.1","4020"
"Drew Hutchison","Pirates","5","6","0","1","4.30","13","38","100.0","99","48","12","92","34","1.33","8.28","3.03","4.09","1.1","495.9","10732"
"Brandon McCarthy","Dodgers","8","7","0","0","3.95","21","21","121.0","122","53","15","97","31","1.27","7.22","2.31","4.09","1.5","488.3","4662"
"Brock Stewart","Dodgers","2","2","0","1","4.10","3","18","34.0","33","15","5","32","9","1.25","8.46","2.52","4.09","0.3","601.1","16727"
"Eric O'Flaherty","Braves","2","2","0","5","4.67","0","35","35.0","37","18","4","29","13","1.40","7.41","3.23","4.09","0.0","999.0","5746"
"Enrique Burgos","Diamondbacks","2","2","1","8","4.14","0","35","35.0","31","16","4","40","19","1.42","10.32","4.83","4.09","0.0","940.6","3895"
"Tyler Duffey","Twins","5","5","0","7","4.40","8","48","86.0","92","42","11","71","22","1.33","7.39","2.33","4.10","0.8","645.4","13758"
"Shane Greene","Tigers","2","2","0","5","4.40","0","35","35.0","36","17","4","30","12","1.36","7.66","2.96","4.10","0.0","878.0","10756"
"John Axford","Athletics","3","3","1","9","4.11","0","45","45.0","43","21","4","42","21","1.44","8.41","4.23","4.10","0.1","830.5","9059"
"Zac Curtis","Mariners","1","0","0","1","3.84","0","10","10.0","9","4","1","11","4","1.33","9.88","3.95","4.10","0.0","999.0","16684"
"Brandon Kintzler","Twins","3","3","24","6","4.00","0","65","65.0","72","29","7","43","17","1.37","5.89","2.30","4.10","0.3","287.3","9939"
"Josh Edgin","Mets","0","1","0","1","3.95","0","10","10.0","9","4","1","10","5","1.40","9.09","4.36","4.11","0.0","999.0","10796"
"J.B. Wendelken","Athletics","1","1","0","1","4.27","0","15","15.0","15","7","2","13","5","1.39","7.65","3.20","4.11","0.0","999.0","14506"
"Brian Duensing","Cubs","2","2","0","6","3.68","0","35","35.0","33","14","4","29","13","1.31","7.40","3.23","4.12","0.0","999.0","4064"
"Blaine Hardy","Tigers","2","2","0","8","3.99","0","40","40.0","40","18","4","33","15","1.37","7.37","3.35","4.12","0.1","999.0","6499"
"Pat Venditte","Phillies","1","2","0","5","4.11","0","35","35.0","33","16","5","35","14","1.33","9.13","3.50","4.12","0.1","999.0","7108"
"Neftali Feliz","Brewers","3","3","26","7","4.13","0","65","65.0","58","30","9","70","26","1.29","9.75","3.57","4.13","0.6","268.1","18"
"Jumbo Diaz","Rays","1","1","0","1","3.84","0","25","25.0","23","11","3","24","9","1.29","8.74","3.40","4.13","0.0","999.0","3397"
"Ricky Nolasco","Angels","10","10","0","0","4.27","29","29","176.0","182","83","23","132","42","1.27","6.74","2.15","4.13","2.0","414.5","3830"
"Ryan Tepera","Blue Jays","1","1","0","1","3.99","0","25","25.0","24","11","3","24","10","1.34","8.73","3.45","4.13","0.0","999.0","10291"
"Jerad Eickhoff","Phillies","9","10","0","0","4.08","26","26","153.0","150","69","22","137","40","1.25","8.07","2.36","4.14","2.3","205.2","12664"
"Anthony DeSclafani","Reds","6","6","0","0","4.05","16","16","95.0","95","43","13","82","26","1.27","7.73","2.41","4.14","1.3","277.0","13050"
"Mike Montgomery","Cubs","7","6","0","1","3.83","18","28","113.0","106","48","11","96","45","1.33","7.65","3.59","4.14","1.2","306.9","4869"
"Patrick Corbin","Diamondbacks","8","8","0","0","4.17","24","24","141.0","146","65","17","119","46","1.36","7.57","2.95","4.14","1.7","443.3","9323"
"Mike Hauschild","Rangers","2","2","0","5","4.31","0","35","35.0","37","17","4","28","10","1.35","7.30","2.60","4.14","0.0","999.0","sa621613"
"Mauricio Cabrera","Braves","4","4","2","15","3.97","0","55","55.0","49","24","5","56","33","1.49","9.15","5.38","4.14","0.1","425.1","12975"
"Ross Stripling","Dodgers","3","3","1","12","4.24","2","47","54.0","55","26","7","44","16","1.31","7.21","2.69","4.15","0.1","727.5","13273"
"Erik Goeddel","Mets","0","0","0","1","4.27","0","10","10.0","9","5","1","10","4","1.36","8.83","3.87","4.15","0.0","999.0","11712"
"J.A. Happ","Blue Jays","12","10","0","0","4.11","31","31","181.0","178","83","24","158","56","1.29","7.82","2.79","4.15","2.6","189.4","7410"
"Jake Buchanan","Cubs","1","1","0","1","4.04","0","15","15.0","16","7","2","11","4","1.31","6.31","2.46","4.15","0.0","944.5","10962"
"Odrisamer Despaigne","Marlins","0","1","0","1","4.31","0","10","10.0","10","5","1","7","3","1.35","6.48","2.99","4.16","0.0","999.0","16017"
"Robert Gsellman","Mets","8","9","0","0","4.20","24","24","137.0","139","64","16","108","44","1.34","7.08","2.90","4.16","1.7","307.6","13696"
"Jhan Marinez","Brewers","2","2","2","12","4.00","0","55","55.0","54","24","6","50","22","1.38","8.25","3.60","4.16","0.2","999.0","5830"
"Jason Frasor","","3","3","0","0","4.14","0","65","65.0","63","30","7","59","28","1.39","8.20","3.88","4.17","0.3","999.0","1906"
"Tanner Roark","Nationals","12","10","0","0","4.05","29","29","177.0","178","80","21","136","54","1.31","6.93","2.73","4.17","1.9","147.8","8753"
"Clayton Blackburn","Giants","1","1","0","0","4.18","3","3","19.0","19","9","2","14","5","1.33","6.59","2.58","4.17","0.2","999.0","sa598302"
"Dustin McGowan","Marlins","2","1","0","6","3.86","0","35","35.0","31","15","3","32","17","1.39","8.28","4.45","4.17","0.0","932.3","8600"
"Jake Barrett","Diamondbacks","3","3","6","15","4.07","0","65","65.0","62","29","7","62","29","1.39","8.60","3.98","4.18","0.3","582.5","13322"
"Daniel Norris","Tigers","8","7","0","0","4.20","21","21","122.0","121","57","15","113","47","1.37","8.31","3.44","4.18","1.6","274.0","13475"
"Brooks Pounders","Angels","1","1","0","1","4.07","0","10","10.0","9","5","1","9","4","1.33","8.40","3.56","4.18","0.0","999.0","10387"
"Chris Stratton","Giants","1","1","0","1","4.19","0","20","20.0","20","9","2","16","8","1.38","7.33","3.47","4.19","0.0","999.0","13761"
"Steven Brault","Pirates","3","3","0","0","4.17","10","10","55.0","57","26","6","43","20","1.39","7.00","3.23","4.19","0.5","638.4","15291"
"Chris Smith","Athletics","1","1","0","1","4.26","0","20","20.0","20","9","2","18","7","1.36","8.00","3.33","4.19","0.0","999.0","4544"
"Carlos Torres","Brewers","3","3","2","15","4.05","0","55","55.0","53","25","7","53","21","1.35","8.66","3.46","4.19","0.2","674.7","7624"
"Trevor Cahill","Padres","4","4","0","0","4.12","13","13","74.0","70","34","7","71","38","1.45","8.66","4.58","4.19","0.8","763.5","6249"
"Jesse Chavez","Angels","8","8","0","0","4.17","23","23","131.0","131","61","17","109","39","1.30","7.49","2.68","4.19","1.5","690.3","5448"
"Ryan O'Rourke","Twins","1","1","0","1","4.16","0","15","15.0","14","7","2","15","6","1.37","9.03","3.87","4.20","0.0","999.0","10976"
"Brady Rodgers","Astros","1","1","0","1","4.46","0","15","15.0","16","7","2","12","3","1.29","7.22","2.04","4.20","0.0","979.5","13393"
"Chasen Shreve","Yankees","2","2","0","10","3.97","0","45","45.0","40","20","6","49","19","1.32","9.82","3.84","4.20","0.2","999.0","10855"
"Mike Minor","Royals","1","1","0","1","4.11","0","25","25.0","24","11","3","22","9","1.33","7.90","3.17","4.21","0.0","840.6","10021"
"Jimmie Sherfy","Diamondbacks","1","1","0","1","4.19","0","10","10.0","9","5","1","11","5","1.40","10.04","4.45","4.21","0.0","999.0","sa737897"
"Robby Scott","Red Sox","1","1","0","1","4.17","0","20","20.0","21","9","3","17","6","1.34","7.50","2.81","4.21","0.0","999.0","13042"
"Jhoulys Chacin","Padres","8","10","0","0","4.35","26","26","150.0","153","73","17","124","59","1.41","7.41","3.53","4.21","1.7","633.9","2608"
"Chandler Shepherd","Red Sox","0","0","0","1","4.32","0","10","10.0","10","5","1","8","3","1.36","7.65","3.04","4.21","0.0","999.0","sa602595"
"Taijuan Walker","Diamondbacks","9","9","0","0","4.22","26","26","145.0","141","68","21","131","41","1.26","8.13","2.57","4.22","1.9","251.3","11836"
"Edinson Volquez","Marlins","9","9","0","0","4.20","28","28","161.0","162","75","16","124","62","1.39","6.90","3.47","4.22","1.6","392.4","3990"
"Trevor Bauer","Indians","8","7","0","0","4.25","23","23","133.0","128","63","17","123","51","1.35","8.38","3.49","4.22","1.7","279.9","12703"
"Francisco Liriano","Blue Jays","9","8","0","0","4.11","24","24","140.0","129","64","19","149","63","1.37","9.58","4.07","4.22","1.7","291.4","3201"
"Randall Delgado","Diamondbacks","4","3","3","15","4.07","0","55","55.0","53","25","7","52","23","1.39","8.49","3.82","4.22","0.2","849.1","5985"
"Al Alburquerque","Royals","2","1","0","5","4.03","0","35","35.0","33","16","4","32","17","1.43","8.35","4.37","4.23","0.0","999.0","6324"
"Yohander Mendez","Rangers","1","1","0","1","4.20","0","10","10.0","10","5","1","9","4","1.40","8.13","3.71","4.23","0.0","667.9","14391"
"Zack Godley","Diamondbacks","2","2","0","1","4.19","3","18","34.0","34","16","4","30","13","1.38","8.06","3.36","4.23","0.2","863.5","14862"
"Jackson Stephens","Reds","1","1","0","1","4.25","0","10","10.0","10","5","1","8","3","1.31","7.45","2.65","4.23","0.0","999.0","sa658342"
"Bryan Morris","Marlins","1","1","0","1","3.93","0","10","10.0","10","4","1","8","4","1.43","7.11","3.86","4.24","0.0","999.0","10234"
"Jose Berrios","Twins","7","8","0","0","4.43","19","19","110.0","112","54","15","98","37","1.36","8.06","3.07","4.24","1.4","335.1","14168"
"Eduardo Rodriguez","Red Sox","9","8","0","0","4.23","24","24","139.0","140","65","19","119","44","1.33","7.70","2.85","4.25","1.8","297.7","13164"
"Tyler Anderson","Rockies","11","9","0","0","4.22","29","29","171.0","180","80","22","141","57","1.39","7.43","3.01","4.25","2.5","326.8","12880"
"Noe Ramirez","Red Sox","1","1","0","1","4.09","0","25","25.0","25","11","3","23","10","1.38","8.34","3.58","4.25","0.0","999.0","12800"
"Donnie Hart","Orioles","2","1","0","5","3.96","0","35","35.0","35","15","4","27","12","1.35","6.91","3.10","4.26","0.0","999.0","15306"
"Adam Conley","Marlins","8","7","0","0","4.13","23","23","129.0","124","59","14","110","53","1.38","7.70","3.73","4.26","1.3","329.0","14457"
"Nick Kingham","Pirates","1","1","0","0","4.43","2","2","9.0","10","5","1","7","3","1.37","6.66","2.70","4.26","0.1","999.0","sa548285"
"Jose Urena","Marlins","3","4","0","9","4.32","3","43","59.0","61","28","7","43","19","1.35","6.58","2.92","4.27","0.2","894.1","11589"
"Jeanmar Gomez","Phillies","3","3","21","9","4.32","0","65","65.0","70","31","7","46","22","1.40","6.37","2.99","4.27","0.2","332.8","9033"
"Mike Foltynewicz","Braves","8","10","0","0","4.26","26","26","152.0","148","72","21","146","55","1.34","8.66","3.25","4.27","1.6","293.2","10811"
"Tommy Kahnle","White Sox","1","1","0","5","4.09","0","35","35.0","31","16","4","39","21","1.48","10.02","5.41","4.27","0.0","999.0","11384"
"Erasmo Ramirez","Rays","3","3","1","10","3.91","0","45","45.0","45","20","6","32","13","1.29","6.48","2.51","4.27","0.1","730.9","10314"
"Chris Capuano","","3","3","0","0","4.29","0","65","65.0","63","31","8","62","27","1.38","8.57","3.69","4.27","0.0","999.0","1701"
"Shelby Miller","Diamondbacks","8","9","0","0","4.33","24","24","139.0","142","67","18","114","48","1.37","7.37","3.13","4.27","1.7","363.3","10197"
"Homer Bailey","Reds","4","5","0","0","4.37","13","13","74.0","75","36","10","63","23","1.32","7.63","2.76","4.27","0.9","449.0","8362"
"Tommy Layne","Yankees","2","2","1","13","3.99","0","55","55.0","52","24","6","50","26","1.42","8.24","4.23","4.28","0.2","999.0","7501"
"Brandon Woodruff","Brewers","2","2","0","0","4.44","5","5","28.0","28","14","4","24","10","1.37","7.86","3.14","4.28","0.4","999.0","sa597893"
"Sean Marshall","","3","3","0","0","4.06","0","65","65.0","65","29","6","52","28","1.44","7.19","3.92","4.28","0.1","999.0","5905"
"John Gant","Cardinals","4","4","0","3","4.38","6","36","68.0","66","33","8","61","27","1.38","8.18","3.62","4.28","0.4","999.0","13684"
"Huston Street","Angels","3","3","8","8","4.08","0","55","55.0","54","25","7","47","19","1.32","7.64","3.16","4.28","0.0","345.7","8258"
"Max Povse","Mariners","0","1","0","1","4.32","0","10","10.0","10","5","1","8","3","1.32","6.96","2.46","4.28","0.0","999.0","sa602653"
"Mark Lowe","Tigers","2","2","1","12","4.44","0","55","55.0","54","27","8","51","20","1.36","8.42","3.35","4.28","0.3","999.0","7416"
"Clay Buchholz","Phillies","6","7","0","0","4.25","18","18","103.0","102","49","13","87","34","1.32","7.56","2.97","4.29","1.5","396.9","3543"
"Chad Qualls","Rockies","2","2","1","10","4.55","0","45","45.0","50","23","6","34","11","1.36","6.82","2.29","4.29","0.1","999.0","2170"
"Scott Alexander","Royals","2","2","2","12","4.20","0","55","55.0","57","26","6","41","21","1.41","6.72","3.40","4.29","0.0","999.0","10591"
"Vidal Nuno","Orioles","3","3","1","9","4.08","3","48","64.0","63","29","10","56","16","1.25","7.97","2.25","4.30","0.4","974.5","9674"
"Ervin Santana","Twins","11","12","0","0","4.43","32","32","198.0","209","98","26","158","63","1.37","7.17","2.85","4.30","2.4","287.1","3200"
"Jandel Gustave","Astros","1","1","0","1","4.25","0","20","20.0","19","9","2","18","9","1.39","8.25","3.84","4.30","0.0","999.0","14665"
"Nate Karns","Royals","8","8","0","0","4.32","26","26","148.0","143","71","19","140","61","1.38","8.53","3.69","4.30","1.6","429.9","12638"
"Dylan Bundy","Orioles","11","9","0","0","4.18","26","26","148.0","144","69","21","139","53","1.33","8.45","3.20","4.30","2.3","242.8","12917"
"Jeremy Hellickson","Phillies","9","11","0","0","4.32","29","29","170.0","173","82","25","142","46","1.29","7.50","2.44","4.30","2.2","275.2","4371"
"Tommy Milone","Brewers","3","4","0","5","4.39","5","40","63.0","66","31","10","53","16","1.30","7.53","2.33","4.30","0.3","939.6","7608"
"Ryan Garton","Rays","2","2","0","3","4.18","0","30","30.0","29","14","4","26","12","1.39","7.79","3.74","4.30","0.0","999.0","14016"
"Conor Mullee","","4","4","0","0","4.12","0","65","65.0","60","30","8","63","28","1.35","8.75","3.86","4.30","0.0","999.0","11580"
"Mike Fiers","Astros","11","11","0","0","4.33","31","31","178.0","179","86","26","150","49","1.28","7.57","2.49","4.30","2.2","372.2","7754"
"Charlie Morton","Astros","7","8","0","0","4.35","21","21","119.0","121","57","14","100","42","1.37","7.58","3.21","4.30","1.2","479.5","4676"
"Evan Marshall","Diamondbacks","0","1","0","1","4.22","0","10","10.0","10","5","1","8","4","1.44","7.39","3.58","4.31","0.0","999.0","12297"
"Phil Hughes","Twins","8","9","0","0","4.59","24","24","141.0","159","72","22","99","23","1.29","6.31","1.45","4.31","1.9","651.2","7450"
"Anthony Banda","Diamondbacks","1","1","0","0","4.34","2","2","9.0","9","4","1","8","4","1.39","7.69","3.41","4.32","0.1","999.0","sa599510"
"Austin Voth","Nationals","3","3","0","1","4.28","8","23","62.0","62","29","8","53","23","1.37","7.67","3.36","4.32","0.5","999.0","sa621465"
"Joely Rodriguez","Phillies","2","2","0","8","4.21","0","40","40.0","40","19","5","33","16","1.39","7.40","3.54","4.32","0.1","999.0","11487"
"Cody Anderson","Indians","1","1","0","0","4.40","3","3","18.0","20","9","3","15","5","1.35","7.10","2.55","4.32","0.2","862.2","12799"
"JC Ramirez","Angels","4","4","1","10","4.21","6","51","83.0","83","39","10","65","30","1.38","7.06","3.32","4.33","0.3","984.5","8302"
"Daniel Mengden","Athletics","2","3","0","0","4.63","6","6","37.0","38","19","5","31","14","1.41","7.57","3.42","4.33","0.3","739.1","16980"
"Jared Hughes","Pirates","2","2","2","8","3.94","0","40","40.0","43","18","4","25","14","1.43","5.60","3.11","4.33","-0.1","982.5","9325"
"Jordan Zimmermann","Tigers","10","10","0","0","4.34","29","29","170.0","184","82","24","120","38","1.31","6.36","2.02","4.34","2.4","297.7","4505"
"Wade Miley","Orioles","10","10","0","0","4.48","29","29","169.0","180","84","22","135","56","1.39","7.16","2.97","4.34","2.0","643.9","8779"
"Chris Bassitt","Athletics","0","1","0","0","4.44","2","2","9.0","10","5","1","7","4","1.41","7.20","3.41","4.34","0.1","988.5","12304"
"Kyle Ryan","Tigers","2","2","1","10","4.13","0","45","45.0","48","21","5","30","16","1.40","6.03","3.11","4.34","0.0","999.0","11753"
"Mike Dunn","Rockies","3","3","0","8","4.28","0","40","40.0","39","19","6","41","16","1.38","9.15","3.55","4.34","0.2","943.1","9948"
"Nate Smith","Angels","1","1","0","1","4.22","0","10","10.0","10","5","1","8","3","1.32","7.09","2.87","4.34","0.0","999.0","sa737900"
"Steve Hathaway","Diamondbacks","1","1","0","1","4.22","0","25","25.0","25","12","3","23","11","1.44","8.36","4.13","4.34","0.0","999.0","15293"
"Josh Tomlin","Indians","8","8","0","0","4.37","23","23","132.0","143","64","22","98","21","1.24","6.68","1.42","4.34","1.5","334.9","9388"
"Kevin Gadea","Rays","1","1","0","1","4.29","0","20","20.0","19","10","2","18","9","1.40","8.27","4.04","4.35","0.0","999.0","sa735841"
"Kendall Graveman","Athletics","9","11","0","0","4.44","29","29","172.0","191","85","20","108","48","1.39","5.67","2.53","4.35","1.6","372.2","15514"
"Jose Ramirez","Braves","2","3","1","10","4.18","0","45","45.0","41","21","5","48","24","1.44","9.54","4.73","4.35","-0.1","999.0","10171"
"Alex Wilson","Tigers","2","3","2","14","4.08","0","55","55.0","58","25","7","38","17","1.36","6.27","2.82","4.35","0.2","771.8","9239"
"Clayton Richard","Padres","6","7","0","0","4.21","19","19","112.0","125","52","12","69","37","1.44","5.53","2.98","4.35","1.0","834.7","3551"
"Brent Suter","Brewers","2","2","0","3","4.36","0","30","30.0","32","15","4","22","8","1.35","6.72","2.46","4.36","0.1","999.0","13942"
"Dovydas Neverauskas","Pirates","1","1","0","1","4.27","0","10","10.0","10","5","1","9","5","1.47","7.92","4.27","4.36","0.0","999.0","sa549722"
"Mike Bolsinger","Blue Jays","2","2","0","0","4.51","6","6","38.0","38","19","5","36","14","1.40","8.50","3.45","4.36","0.5","999.0","11137"
"Joe Mantiply","Tigers","0","1","0","1","4.44","0","10","10.0","10","5","1","8","3","1.37","7.39","2.96","4.36","0.0","999.0","14857"
"Ian Kennedy","Royals","11","11","0","0","4.19","31","31","181.0","176","84","27","167","60","1.30","8.28","2.97","4.37","2.2","231.3","6986"
"Matt Dermody","Blue Jays","0","0","0","1","4.59","0","10","10.0","11","5","1","7","3","1.36","6.50","2.52","4.37","0.0","999.0","14844"
"Cody Reed","Reds","8","10","0","0","4.24","24","24","136.0","134","64","20","125","48","1.33","8.25","3.14","4.37","1.5","618.8","15232"
"Tyler Clippard","Yankees","4","3","1","16","4.05","0","55","55.0","49","25","9","59","22","1.30","9.60","3.67","4.38","0.3","698.3","5640"
"Albert Suarez","Giants","2","2","0","0","4.29","5","5","28.0","29","13","3","19","9","1.38","6.18","2.91","4.38","0.2","854.7","6175"
"Perci Garner","Indians","1","1","0","3","4.25","0","30","30.0","30","14","3","26","13","1.45","7.84","3.96","4.38","0.0","999.0","10887"
"Kyle Gibson","Twins","9","10","0","0","4.56","28","28","161.0","176","81","19","112","55","1.44","6.29","3.10","4.39","1.7","605.6","10123"
"Anibal Sanchez","Tigers","3","4","0","0","4.61","10","10","56.0","57","29","8","47","18","1.34","7.53","2.86","4.39","0.8","593.9","3284"
"Zach Lee","Padres","0","1","0","0","4.65","2","2","9.0","10","5","1","6","2","1.35","6.22","2.41","4.39","0.1","999.0","11468"
"Trevor Williams","Pirates","3","3","0","3","4.48","3","33","49.0","54","24","6","34","15","1.41","6.23","2.78","4.39","0.1","999.0","16977"
"Reynaldo Lopez","White Sox","2","2","0","1","4.53","3","13","29.0","28","15","4","29","12","1.40","9.07","3.78","4.39","0.2","999.0","16400"
"Mike Clevinger","Indians","4","5","0","1","4.46","10","25","71.0","71","35","10","67","29","1.39","8.39","3.65","4.39","0.7","622.1","12808"
"Jason Vargas","Royals","9","10","0","0","4.35","26","26","148.0","158","71","21","108","38","1.32","6.56","2.28","4.40","1.7","544.5","8044"
"Chad Green","Yankees","8","8","0","1","4.49","19","29","123.0","125","61","19","113","39","1.34","8.27","2.85","4.40","1.3","999.0","15552"
"Christian Friedrich","Padres","4","6","0","0","4.52","16","16","93.0","96","47","11","74","37","1.43","7.14","3.55","4.41","1.0","826.1","7942"
"Chad Kuhl","Pirates","6","7","0","0","4.49","19","19","110.0","119","55","14","80","32","1.37","6.56","2.58","4.41","0.9","388.6","14975"
"Junior Guerra","Brewers","10","11","0","0","4.34","31","31","182.0","178","88","25","166","72","1.37","8.22","3.56","4.41","2.2","282.3","5702"
"Steven Wright","Red Sox","8","6","0","0","4.26","19","19","115.0","118","54","15","88","40","1.38","6.93","3.11","4.42","1.2","320.9","8185"
"Jason Hammel","Royals","10","10","0","0","4.30","28","28","155.0","158","74","23","127","45","1.31","7.37","2.61","4.42","1.5","297.5","4538"
"Bobby Wahl","Athletics","0","0","0","1","4.50","0","10","10.0","10","5","1","10","6","1.51","8.86","5.02","4.42","0.0","999.0","sa550093"
"Mat Latos","Blue Jays","2","2","0","5","4.48","0","35","35.0","37","17","5","27","11","1.36","7.03","2.77","4.43","0.0","962.3","3815"
"Ben Lively","Phillies","1","2","0","1","4.48","2","17","24.0","25","12","4","21","8","1.33","7.79","2.96","4.43","0.1","999.0","sa549720"
"Luis Perdomo","Padres","7","10","0","0","4.66","23","23","131.0","145","68","16","96","44","1.45","6.57","3.04","4.43","1.0","485.1","14682"
"Austin Pruitt","Rays","0","1","0","0","4.48","2","2","9.0","10","5","1","7","2","1.31","6.50","2.24","4.43","0.1","999.0","sa737920"
"Lucas Sims","Braves","1","1","0","1","4.31","0","10","10.0","9","5","1","11","6","1.51","9.48","5.42","4.43","0.0","999.0","sa657914"
"Johnny Barbato","Yankees","1","1","0","1","4.38","0","20","20.0","19","10","3","20","10","1.42","9.18","4.28","4.43","0.0","999.0","11440"
"Tony Cingrani","Reds","3","3","1","13","4.19","0","55","55.0","49","26","7","57","30","1.43","9.36","4.90","4.43","0.1","592.3","12555"
"Greg Mahle","Angels","1","1","0","1","4.30","0","25","25.0","25","12","3","19","10","1.39","6.92","3.42","4.43","0.0","999.0","16877"
"Jake Peavy","","4","5","0","0","4.44","13","13","74.0","77","37","11","57","22","1.34","6.97","2.68","4.43","0.8","912.3","1051"
"Glenn Sparkman","Blue Jays","1","1","0","1","4.47","0","10","10.0","10","5","2","8","3","1.33","7.55","2.52","4.43","0.0","999.0","sa738220"
"Jacob Faria","Rays","2","2","0","1","4.38","3","13","29.0","27","14","4","27","14","1.42","8.42","4.28","4.43","0.2","999.0","sa598097"
"Walker Lockett","Padres","1","1","0","1","4.52","2","12","19.0","21","10","3","13","5","1.34","6.21","2.26","4.44","0.1","999.0","sa657984"
"Scott Oberg","Rockies","1","1","0","1","4.31","0","20","20.0","20","10","2","18","9","1.45","8.12","3.97","4.44","0.0","999.0","13911"
"Chris Rusin","Rockies","4","4","0","1","4.56","8","33","72.0","81","36","9","51","22","1.43","6.36","2.73","4.44","0.6","923.3","9895"
"Henderson Alvarez","","5","6","0","0","4.36","16","16","94.0","106","45","12","57","24","1.39","5.48","2.31","4.45","0.9","941.3","5669"
"Logan Ondrusek","Orioles","1","1","0","1","4.58","0","25","25.0","26","13","3","22","9","1.40","7.76","3.34","4.45","0.0","999.0","3677"
"Miguel Castro","Rockies","2","2","0","3","4.39","0","30","30.0","32","15","4","28","13","1.50","8.36","3.98","4.45","0.1","999.0","15684"
"Adam Warren","Yankees","4","4","0","8","4.37","5","45","68.0","68","33","9","58","25","1.36","7.65","3.26","4.45","0.4","836.3","9029"
"Nick Pivetta","Phillies","2","2","0","1","4.40","2","22","29.0","29","14","4","27","12","1.37","8.35","3.62","4.45","0.1","999.0","sa737889"
"Martin Perez","Rangers","9","9","0","0","4.49","28","28","161.0","179","80","17","99","56","1.46","5.50","3.14","4.45","1.6","465.3","6902"
"Mike Mayers","Cardinals","2","3","0","1","4.53","3","28","44.0","46","22","6","34","15","1.40","7.02","3.16","4.45","0.1","999.0","15451"
"Jeff Locke","Marlins","3","4","0","0","4.49","11","11","65.0","69","32","7","45","24","1.42","6.17","3.32","4.46","0.5","861.7","2929"
"Tyler Cravy","Brewers","1","1","0","1","4.50","0","25","25.0","24","12","4","24","10","1.38","8.58","3.66","4.46","0.0","999.0","10770"
"Daniel Stumpf","Tigers","1","2","0","1","4.70","0","25","25.0","26","13","3","20","9","1.42","7.27","3.41","4.46","0.0","999.0","13780"
"Ben Heller","Yankees","1","1","0","1","4.32","0","15","15.0","14","7","2","16","7","1.40","9.57","4.24","4.47","0.0","919.5","15100"
"CC Sabathia","Yankees","8","8","0","0","4.48","24","24","143.0","150","71","20","118","47","1.37","7.37","2.96","4.47","1.8","407.0","404"
"Tyler Chatwood","Rockies","11","10","0","0","4.42","29","29","172.0","182","85","20","131","71","1.47","6.86","3.70","4.47","2.1","362.3","4338"
"Austin Adams","Nationals","0","0","0","1","4.30","0","10","10.0","9","5","1","11","7","1.57","9.51","6.02","4.48","0.0","999.0","sa658119"
"Ashur Tolliver","Astros","0","0","0","1","4.47","0","10","10.0","10","5","1","10","5","1.42","8.72","4.11","4.48","0.0","999.0","10044"
"Seth Lugo","Mets","4","5","0","1","4.53","11","31","86.0","88","43","12","69","26","1.34","7.19","2.78","4.48","0.5","426.5","12447"
"Jorge de la Rosa","Diamondbacks","5","4","0","6","4.41","6","46","78.0","80","38","10","65","32","1.44","7.56","3.67","4.48","0.3","916.6","2047"
"Ryan Merritt","Indians","2","2","0","1","4.61","3","13","29.0","33","15","4","18","6","1.33","5.58","1.75","4.49","0.2","846.6","13688"
"Robbie Erlin","Padres","0","1","0","0","4.71","2","2","9.0","10","5","1","7","3","1.35","7.02","2.68","4.49","0.1","999.0","10354"
"R.A. Dickey","Braves","9","11","0","0","4.38","28","28","162.0","161","79","21","121","56","1.35","6.72","3.14","4.50","1.4","414.8","1245"
"Ross Ohlendorf","","5","5","0","0","4.30","0","65","65.0","61","31","10","65","27","1.36","9.02","3.74","4.50","0.0","999.0","8268"
"Travis Wood","Royals","2","2","0","0","4.27","8","8","46.0","45","22","6","38","18","1.37","7.37","3.57","4.51","0.5","748.4","9884"
"Jimmy Nelson","Brewers","4","5","0","0","4.57","13","13","75.0","77","38","9","62","29","1.42","7.49","3.51","4.51","0.8","491.7","10547"
"Rob Zastryzny","Cubs","1","1","0","1","4.48","0","25","25.0","25","12","3","22","10","1.38","7.98","3.59","4.51","0.0","999.0","15094"
"Jarrod Parker","","1","1","0","0","4.56","3","3","18.0","20","9","3","13","6","1.38","6.50","2.77","4.51","0.2","973.5","4913"
"Dan Straily","Marlins","8","9","0","0","4.42","24","24","141.0","136","69","20","121","53","1.35","7.74","3.38","4.51","1.0","309.5","9460"
"Matt Wisler","Braves","7","9","0","0","4.65","21","21","122.0","128","63","18","94","37","1.36","6.94","2.75","4.52","0.8","647.4","12804"
"Justin Nicolino","Marlins","4","4","0","0","4.55","11","11","65.0","73","33","8","34","16","1.37","4.65","2.20","4.52","0.4","845.9","11754"
"Drew VerHagen","Tigers","1","1","0","1","4.44","0","15","15.0","16","7","2","10","6","1.47","6.21","3.55","4.53","0.0","999.0","13424"
"Ariel Miranda","Mariners","4","4","0","0","4.38","11","11","65.0","66","32","9","52","22","1.35","7.25","3.09","4.53","0.7","457.2","17526"
"Jake Junis","Royals","1","1","0","1","4.61","2","12","19.0","21","10","3","14","5","1.34","6.66","2.39","4.53","0.1","999.0","sa602414"
"Tom Koehler","Marlins","8","9","0","0","4.46","24","24","138.0","140","68","17","108","57","1.43","7.04","3.74","4.53","0.9","593.3","6570"
"Bo Schultz","Blue Jays","1","1","0","1","4.57","0","15","15.0","16","8","2","12","5","1.38","6.95","3.10","4.54","0.0","999.0","5028"
"Joe Gunkel","Orioles","1","1","0","1","4.69","0","10","10.0","11","5","2","7","2","1.30","6.38","1.78","4.54","0.0","999.0","sa738176"
"Justin Haley","Twins","2","2","0","3","4.70","0","30","30.0","32","16","4","24","11","1.45","7.06","3.41","4.55","0.0","999.0","sa550274"
"Pat Light","Pirates","1","1","0","1","4.61","0","15","15.0","15","8","2","14","9","1.55","8.19","5.14","4.55","0.0","999.0","13427"
"German Marquez","Rockies","8","8","0","0","4.75","23","23","132.0","147","69","19","101","39","1.42","6.92","2.69","4.55","1.5","813.5","15038"
"Chris Tillman","Orioles","8","8","0","0","4.52","23","23","130.0","134","65","18","104","47","1.39","7.16","3.26","4.55","1.3","301.6","5279"
"Tayron Guerrero","Marlins","1","1","0","1","4.40","0","10","10.0","9","5","1","9","5","1.48","8.22","4.84","4.55","0.0","999.0","11691"
"Dallas Beeler","Cubs","1","1","0","0","4.56","3","3","18.0","19","9","2","12","7","1.41","5.91","3.22","4.56","0.1","999.0","11471"
"Wily Peralta","Brewers","6","7","0","0","4.73","18","18","102.0","112","54","14","77","35","1.44","6.81","3.09","4.56","0.9","529.2","7738"
"Juan Minaya","White Sox","1","1","0","1","4.65","0","25","25.0","25","13","3","22","12","1.48","7.96","4.27","4.56","0.0","999.0","10341"
"Michael Blazek","Brewers","1","1","0","1","4.52","0","15","15.0","15","8","2","13","7","1.46","7.95","4.10","4.57","0.0","893.6","9654"
"Ubaldo Jimenez","Orioles","7","8","0","1","4.73","18","28","113.0","115","60","15","98","51","1.46","7.82","4.06","4.57","1.1","676.7","3374"
"Jim Henderson","Cubs","2","2","0","3","4.52","0","30","30.0","28","15","5","31","14","1.40","9.33","4.27","4.58","0.0","969.5","6653"
"Matt Koch","Diamondbacks","0","1","0","1","4.71","0","10","10.0","11","5","1","6","2","1.35","5.75","2.08","4.58","0.0","999.0","13420"
"Tim Cooney","Indians","3","3","0","0","4.43","8","8","47.0","51","23","7","35","14","1.37","6.78","2.61","4.59","0.4","869.8","13762"
"Wandy Peralta","Reds","2","2","0","8","4.39","0","40","40.0","40","20","5","33","19","1.46","7.42","4.21","4.59","-0.1","999.0","14295"
"Jeff Hoffman","Rockies","1","1","0","0","4.60","2","12","19.0","20","10","3","17","8","1.46","7.76","3.58","4.59","0.1","634.1","17432"
"Josh Collmenter","Braves","1","2","0","1","4.36","2","27","34.0","36","17","5","24","11","1.36","6.32","2.78","4.59","0.0","799.6","7312"
"Chase De Jong","Mariners","1","1","0","0","4.58","2","2","9.0","9","5","1","8","3","1.35","7.32","3.03","4.61","0.1","999.0","sa657960"
"Matt Cain","Giants","5","6","0","0","4.55","16","16","94.0","98","48","13","70","31","1.38","6.73","3.00","4.61","0.6","808.5","4732"
"Adalberto Mejia","Twins","2","2","0","0","4.72","6","6","37.0","41","20","6","30","12","1.41","7.15","2.91","4.61","0.3","838.4","13188"
"Brandon Workman","Red Sox","1","1","0","1","4.85","0","15","15.0","16","8","2","12","6","1.48","7.12","3.59","4.61","0.0","999.0","11428"
"Daniel Wright","Angels","1","1","0","0","4.65","2","2","9.0","10","5","1","6","3","1.36","6.08","2.49","4.61","0.1","999.0","15179"
"Marco Estrada","Blue Jays","10","9","0","0","4.32","28","28","168.0","157","81","26","131","53","1.25","7.01","2.86","4.62","1.9","201.9","1118"
"Matt Boyd","Tigers","7","7","0","0","4.57","21","21","122.0","127","62","19","100","39","1.36","7.35","2.89","4.62","1.3","400.7","15440"
"Tanner Scheppers","Rangers","0","0","0","1","4.53","0","10","10.0","10","5","1","9","5","1.45","7.66","4.13","4.62","0.0","937.5","10267"
"Keynan Middleton","Angels","0","1","0","1","4.50","0","15","15.0","14","7","2","14","7","1.44","8.60","4.38","4.62","0.0","999.0","sa737638"
"Sal Romano","Reds","3","4","0","1","4.70","6","31","63.0","65","33","9","49","20","1.37","7.11","2.94","4.62","0.3","999.0","sa599266"
"Jesse Hahn","Athletics","5","6","0","0","4.76","16","16","93.0","101","49","11","63","38","1.49","6.11","3.68","4.62","0.6","767.5","13287"
"Yovani Gallardo","Mariners","7","9","0","0","4.63","23","23","129.0","138","66","17","93","52","1.47","6.47","3.61","4.63","0.9","606.1","8173"
"Jose Leclerc","Rangers","0","0","0","1","4.49","0","10","10.0","9","5","1","11","7","1.60","9.61","6.16","4.63","0.0","999.0","14524"
"Alex Wimmers","Twins","0","1","0","1","4.76","0","10","10.0","10","5","1","8","4","1.50","7.40","4.03","4.63","0.0","999.0","11394"
"Damien Magnifico","Brewers","1","1","0","1","4.54","0","10","10.0","10","5","1","9","5","1.50","7.90","4.58","4.64","0.0","999.0","13395"
"Aaron Blair","Braves","1","2","0","0","4.77","5","5","28.0","29","15","4","24","12","1.45","7.75","3.84","4.64","0.2","758.8","14934"
"Vicente Campos","Angels","1","1","0","1","4.44","2","12","19.0","20","10","3","14","7","1.38","6.45","3.03","4.64","0.1","999.0","11681"
"Brad Peacock","Astros","3","4","0","6","4.65","6","41","73.0","71","38","11","68","30","1.40","8.42","3.75","4.64","0.2","818.4","5401"
"Scott Feldman","Reds","9","11","0","0","4.65","28","28","165.0","179","85","23","112","49","1.38","6.08","2.65","4.64","1.3","817.2","6283"
"Jairo Diaz","Rockies","1","1","0","1","4.61","0","10","10.0","10","5","1","9","5","1.52","8.40","4.50","4.65","0.0","999.0","12774"
"Keyvius Sampson","","3","3","0","0","4.55","0","65","65.0","62","33","9","64","33","1.47","8.84","4.62","4.65","-0.1","999.0","10039"
"Rafael Montero","Mets","2","3","0","3","4.78","3","33","49.0","49","26","7","43","22","1.45","8.02","4.12","4.65","0.1","959.6","12760"
"Kevin McCarthy","Royals","1","1","0","1","4.64","0","15","15.0","16","8","2","11","6","1.45","6.39","3.53","4.65","0.0","999.0","15240"
"Andrew Cashner","Rangers","6","7","0","0","4.81","19","19","110.0","120","59","16","85","40","1.45","6.94","3.30","4.65","0.8","560.9","8782"
"Giovanni Soto","White Sox","0","0","0","1","4.53","0","10","10.0","10","5","1","9","6","1.53","8.52","5.06","4.65","0.0","999.0","10330"
"Brandon Finnegan","Reds","10","12","0","0","4.42","29","29","170.0","162","83","26","156","73","1.38","8.25","3.86","4.66","1.4","304.0","16208"
"Jon Niese","","5","6","0","0","4.64","16","16","93.0","101","48","13","64","31","1.41","6.21","3.01","4.66","0.6","930.0","4424"
"Antonio Senzatela","Rockies","3","3","0","1","4.77","6","16","48.0","53","25","7","36","15","1.44","6.82","2.91","4.66","0.4","999.0","sa657576"
"Colby Lewis","","9","10","0","0","4.71","28","28","166.0","184","87","26","115","42","1.36","6.24","2.30","4.67","1.3","652.7","1259"
"Adam Morgan","Phillies","1","2","0","1","4.84","3","13","29.0","31","15","5","23","8","1.34","7.16","2.47","4.67","0.2","932.4","12580"
"Jaime Schultz","Rays","0","1","0","0","4.52","2","2","9.0","8","5","1","10","6","1.51","9.40","5.46","4.67","0.1","999.0","sa708975"
"Doug Fister","","9","11","0","0","4.57","28","28","161.0","180","82","23","106","46","1.39","5.91","2.54","4.67","1.1","669.2","9425"
"A.J. Cole","Nationals","3","3","0","0","4.62","10","10","55.0","57","28","9","46","17","1.35","7.50","2.84","4.67","0.5","999.0","11467"
"Dietrich Enns","Yankees","2","2","0","3","4.49","0","30","30.0","30","15","4","27","14","1.47","8.04","4.33","4.67","0.0","999.0","sa579749"
"Dillon Overton","Mariners","0","1","0","0","4.74","2","2","9.0","10","5","1","7","3","1.36","6.47","2.49","4.68","0.1","999.0","15627"
"Dustin Molleken","Tigers","0","1","0","1","4.75","0","10","10.0","10","5","1","9","5","1.53","7.92","4.63","4.69","0.0","999.0","6200"
"Sam Moll","Rockies","1","0","0","1","4.57","0","10","10.0","11","5","1","8","4","1.50","7.34","3.64","4.69","0.0","999.0","sa709023"
"Raul Alcantara","Athletics","2","3","0","5","4.81","2","37","44.0","49","24","7","30","11","1.37","6.09","2.29","4.70","0.0","898.7","12790"
"Braden Shipley","Diamondbacks","6","7","0","0","4.77","18","18","102.0","113","54","15","71","33","1.43","6.27","2.92","4.71","0.6","806.8","15158"
"Roenis Elias","Red Sox","1","1","0","0","4.70","2","2","9.0","10","5","1","8","4","1.49","7.44","4.12","4.71","0.1","874.5","12673"
"Barrett Astin","Reds","0","1","0","1","4.74","0","10","10.0","10","5","2","8","4","1.37","7.63","3.27","4.72","0.0","999.0","sa621669"
"Chih-Wei Hu","Rays","0","1","0","0","4.70","2","2","9.0","10","5","1","6","3","1.41","6.27","3.07","4.72","0.1","999.0","sa739600"
"Mark Appel","Phillies","1","1","0","0","4.71","2","2","9.0","9","5","1","8","4","1.43","7.58","3.83","4.72","0.1","999.0","sa501726"
"Lucas Giolito","White Sox","3","4","0","0","4.71","11","11","64.0","66","34","10","59","28","1.46","8.27","3.95","4.72","0.5","314.9","15474"
"Chris Heston","Mariners","1","1","0","0","4.70","2","2","9.0","10","5","1","7","4","1.45","6.43","3.40","4.73","0.0","907.4","10302"
"Matt Garza","Brewers","9","12","0","0","4.97","29","29","166.0","184","92","24","118","56","1.45","6.43","3.05","4.73","1.5","857.8","3340"
"Christian Bethancourt","Padres","0","0","0","0","5.10","0","15","15.0","16","9","2","14","7","1.52","8.28","4.16","4.74","0.0","754.2","10028"
"Christopher Smith","","0","0","0","0","5.10","0","20","20.0","21","11","3","18","9","1.52","8.28","4.16","4.74","0.0","999.0","sa454625"
"Marcos Molina","","0","0","0","0","5.10","0","10","10.0","11","6","1","9","5","1.52","8.28","4.16","4.74","0.0","999.0","sa503994"
"Ryne Stanek","Rays","1","1","0","1","4.63","0","10","10.0","10","5","1","9","5","1.47","7.73","4.36","4.74","0.0","999.0","sa548245"
"Michael Ynoa","White Sox","2","2","1","9","4.64","0","45","45.0","44","23","6","42","25","1.52","8.48","4.92","4.74","-0.1","999.0","14093"
"Jimmy Cordero","Nationals","0","0","0","1","4.85","0","10","10.0","10","5","1","8","5","1.52","7.11","4.37","4.74","0.0","999.0","sa680023"
"Andrew Edwards","Royals","0","0","0","1","4.60","0","10","10.0","10","5","1","8","5","1.51","7.64","4.61","4.74","0.0","999.0","sa738219"
"Chase Anderson","Brewers","7","9","0","0","4.82","23","23","132.0","141","70","22","107","43","1.40","7.29","2.97","4.75","1.0","670.3","6895"
"Richard Bleier","Orioles","1","2","0","3","4.73","0","30","30.0","36","16","4","14","6","1.37","4.32","1.69","4.76","-0.1","999.0","7803"
"Miguel Gonzalez","White Sox","8","9","0","0","4.77","24","24","140.0","151","74","22","107","44","1.39","6.88","2.86","4.76","1.2","534.7","7024"
"Hunter Wood","Rays","0","1","0","0","4.76","2","2","9.0","9","5","1","8","4","1.46","7.32","4.09","4.77","0.0","999.0","sa658913"
"Clay Holmes","Pirates","0","1","0","1","4.82","0","10","10.0","11","5","1","7","5","1.53","6.58","4.18","4.77","0.0","999.0","sa598167"
"Chris Young","Royals","5","5","1","10","4.69","6","51","83.0","81","43","15","81","34","1.39","8.78","3.69","4.77","0.2","999.0","3196"
"Asher Wojciechowski","Marlins","0","1","0","1","4.85","0","10","10.0","11","5","1","8","4","1.45","6.95","3.40","4.77","0.0","999.0","10836"
"Miguel Almonte","Royals","4","5","0","8","4.66","5","45","68.0","69","35","9","58","34","1.51","7.64","4.48","4.79","0.0","999.0","14139"
"Jarred Cosart","Padres","7","11","0","0","4.81","28","28","159.0","169","85","17","108","80","1.56","6.09","4.50","4.79","0.6","934.2","10304"
"Warwick Saupold","Tigers","1","1","0","1","4.93","0","10","10.0","11","5","1","7","4","1.51","6.44","3.66","4.81","0.0","999.0","13211"
"Eric Stults","","2","3","0","0","4.81","8","8","46.0","51","24","7","29","13","1.40","5.73","2.54","4.81","0.3","999.0","8011"
"Ross Detwiler","Athletics","1","1","0","1","4.98","2","12","19.0","22","11","3","13","7","1.51","5.96","3.48","4.81","0.0","999.0","2859"
"Kyle Kendrick","Red Sox","1","1","0","1","4.90","0","10","10.0","11","5","2","6","3","1.40","5.66","2.28","4.82","0.0","930.6","6230"
"Zach Eflin","Phillies","2","3","0","0","4.99","8","8","46.0","51","25","8","30","11","1.35","5.92","2.22","4.82","0.4","881.1","13774"
"Andrew Faulkner","Rangers","1","1","0","1","4.67","0","20","20.0","20","10","3","17","10","1.50","7.73","4.32","4.82","0.0","999.0","12982"
"Rayan Gonzalez","Rockies","1","1","0","1","4.88","0","10","10.0","11","5","1","8","5","1.59","7.49","4.77","4.82","0.0","999.0","sa455370"
"Brian Johnson","Red Sox","1","1","0","0","4.77","2","2","9.0","10","5","1","7","4","1.51","6.92","3.99","4.82","0.0","999.0","14272"
"Tyler Wilson","Orioles","5","5","0","0","4.97","15","15","83.0","95","46","13","55","22","1.40","5.89","2.42","4.83","0.7","999.0","12691"
"Derek Holland","White Sox","6","8","0","0","4.84","19","19","111.0","119","60","18","83","38","1.42","6.77","3.10","4.83","0.9","582.5","4141"
"Alfredo Simon","","3","4","0","0","4.90","0","65","65.0","70","35","9","45","23","1.44","6.28","3.20","4.84","-0.2","999.0","2155"
"Justin Masterson","","5","7","0","0","4.88","19","19","110.0","118","60","12","82","54","1.56","6.72","4.43","4.84","0.6","999.0","2038"
"Craig Breslow","Twins","1","1","0","1","4.86","0","20","20.0","22","11","3","15","8","1.53","6.71","3.70","4.85","0.0","999.0","4363"
"Jordan Lyles","Rockies","2","2","0","0","5.02","5","5","28.0","32","16","4","19","11","1.55","5.92","3.65","4.86","0.2","999.0","7593"
"Matt Harrison","","1","1","0","0","4.77","3","3","18.0","20","10","2","11","7","1.51","5.59","3.59","4.86","0.1","999.0","5551"
"Fernando Romero","Twins","0","1","0","0","4.98","2","2","9.0","10","5","1","7","4","1.49","6.19","3.44","4.86","0.1","999.0","sa657418"
"Lucas Harrell","","3","4","0","0","4.74","0","65","65.0","68","34","8","51","35","1.59","7.02","4.83","4.87","-0.3","999.0","7541"
"Jake Esch","Marlins","0","1","0","0","4.85","2","2","9.0","10","5","1","6","4","1.47","5.65","3.42","4.87","0.0","999.0","12756"
"Kendry Flores","Marlins","0","1","0","0","4.90","2","2","9.0","10","5","1","7","3","1.45","6.55","3.40","4.87","0.0","999.0","12118"
"Nefi Ogando","Reds","0","0","0","1","4.61","0","10","10.0","10","5","1","8","5","1.49","7.34","4.74","4.88","0.0","999.0","12253"
"Paul Blackburn","Athletics","0","1","0","0","5.06","2","2","9.0","11","5","1","6","3","1.49","5.44","2.91","4.88","0.0","999.0","sa657872"
"Eddie Gamboa","Rangers","1","1","0","1","4.76","0","10","10.0","10","5","1","9","6","1.57","7.76","5.12","4.88","0.0","999.0","6911"
"Rob Whalen","Mariners","1","1","0","0","4.92","3","3","18.0","19","10","3","15","8","1.47","7.25","3.94","4.88","0.1","999.0","14165"
"Tim Lincecum","","4","6","0","0","5.05","13","13","75.0","81","42","11","58","32","1.50","6.96","3.83","4.89","0.3","999.0","5705"
"Jered Weaver","Padres","7","11","0","0","4.81","24","24","145.0","156","78","23","95","42","1.36","5.91","2.57","4.89","0.9","770.0","4235"
"Buck Farmer","Tigers","2","3","0","1","4.99","5","25","48.0","52","27","8","38","18","1.45","7.18","3.35","4.89","0.2","999.0","14814"
"Nick Travieso","Reds","1","1","0","1","4.77","0","15","15.0","15","8","2","12","6","1.45","6.92","3.75","4.89","0.0","999.0","sa657906"
"Chris Narveson","Indians","1","1","0","1","4.77","0","20","20.0","21","11","3","16","7","1.43","7.35","3.34","4.90","0.0","999.0","2141"
"Jorge Lopez","Brewers","1","2","0","1","4.99","2","22","29.0","30","16","5","27","14","1.50","8.20","4.31","4.92","0.0","999.0","14527"
"Alec Asher","Phillies","1","2","0","0","4.92","5","5","28.0","31","15","5","19","7","1.35","6.12","2.17","4.94","0.1","691.0","13560"
"Pierce Johnson","Cubs","1","1","0","0","4.79","2","2","9.0","9","5","1","9","5","1.54","8.28","5.14","4.94","0.0","999.0","sa501771"
"Amir Garrett","Reds","1","1","0","0","4.77","3","3","19.0","18","10","3","16","10","1.51","7.87","4.70","4.94","0.1","999.0","sa599236"
"Mike Pelfrey","Tigers","3","4","0","0","5.04","11","11","66.0","79","37","8","33","22","1.54","4.58","3.05","4.95","0.4","999.0","5203"
"Dillon Gee","Rangers","3","3","0","0","5.01","8","8","46.0","53","26","8","30","14","1.44","5.92","2.64","4.95","0.3","999.0","7396"
"Jarlin Garcia","Marlins","0","1","0","0","4.94","2","2","9.0","10","5","1","6","3","1.46","5.87","3.24","4.96","0.0","999.0","sa597438"
"Joe Beimel","","3","3","0","0","4.72","0","65","65.0","73","34","8","38","26","1.52","5.28","3.64","4.96","-0.5","999.0","979"
"Rookie Davis","Reds","4","5","0","3","4.94","8","38","77.0","84","42","13","55","25","1.42","6.49","2.98","4.96","0.2","999.0","sa599174"
"Jake Thompson","Phillies","3","5","0","0","4.88","11","11","63.0","67","34","10","47","24","1.45","6.65","3.46","4.96","0.3","999.0","14371"
"Edwin Jackson","","7","11","0","0","5.18","24","24","139.0","151","80","20","96","58","1.51","6.20","3.76","4.96","0.6","999.0","1841"
"Luis Cessa","Yankees","4","5","0","0","5.08","13","13","75.0","81","42","13","57","23","1.40","6.86","2.79","4.96","0.5","683.2","13345"
"Jason Motte","Rockies","2","1","0","5","4.95","0","35","35.0","38","19","6","28","12","1.44","7.23","3.03","4.97","-0.1","999.0","5861"
"Aaron Harang","","7","10","0","0","5.05","24","24","145.0","161","81","23","97","47","1.43","6.02","2.90","4.98","0.6","999.0","1451"
"Mason Melotakis","Twins","0","1","0","1","4.97","0","10","10.0","11","6","1","8","5","1.54","7.58","4.33","4.99","0.0","999.0","sa621016"
"Keury Mella","Reds","1","1","0","1","4.92","0","20","20.0","21","11","3","15","9","1.49","6.92","3.94","4.99","0.0","999.0","sa657486"
"Eddie Butler","Cubs","3","3","0","0","4.93","8","8","46.0","51","25","6","27","17","1.48","5.35","3.39","4.99","0.1","863.3","13453"
"Gonzalez Germen","Rockies","1","1","0","1","4.99","0","15","15.0","16","8","2","13","8","1.57","7.90","4.81","5.00","0.0","999.0","5876"
"Taylor Jungmann","Brewers","0","1","0","0","5.13","2","2","9.0","9","5","1","8","5","1.56","7.79","4.81","5.01","0.1","942.5","13119"
"James Shields","White Sox","8","11","0","0","5.02","28","28","164.0","176","91","28","133","63","1.46","7.32","3.47","5.01","0.9","413.1","7059"
"Chi Chi Gonzalez","Rangers","1","1","0","0","5.10","2","2","9.0","11","5","1","6","4","1.55","5.48","3.64","5.01","0.1","999.0","14663"
"Jesus Liranzo","Orioles","0","0","0","1","4.80","0","10","10.0","10","5","2","10","6","1.51","8.79","5.05","5.02","0.0","999.0","sa658076"
"Chris Flexen","Mets","1","1","0","1","4.99","0","10","10.0","11","6","1","7","5","1.54","6.34","4.33","5.02","0.0","999.0","sa658306"
"A.J. Griffin","Rangers","4","5","0","0","4.91","15","15","82.0","85","45","15","70","28","1.38","7.59","3.05","5.02","0.6","692.6","11132"
"Tim Adleman","Reds","0","1","0","0","4.91","2","2","9.0","10","5","2","7","3","1.39","6.62","2.96","5.03","0.0","780.4","10968"
"Casey Lawrence","Blue Jays","3","3","0","0","5.20","8","8","47.0","55","27","8","26","12","1.45","5.08","2.35","5.04","0.2","999.0","sa549433"
"Hector Santiago","Twins","10","12","0","0","4.92","31","31","177.0","184","97","29","146","77","1.47","7.40","3.91","5.05","1.1","521.6","4026"
"Connor Sadzeck","Rangers","1","2","0","1","4.98","2","17","24.0","26","14","3","18","13","1.60","6.80","4.68","5.06","0.0","999.0","sa550247"
"Shane Carle","Rockies","1","1","0","0","5.26","2","2","9.0","11","5","2","6","3","1.49","5.58","2.57","5.07","0.1","999.0","sa737893"
"Gerardo Concepcion","","3","3","0","0","4.98","0","65","65.0","66","36","8","52","37","1.58","7.21","5.09","5.07","-0.1","999.0","14411"
"Chris Beck","White Sox","4","6","0","3","5.17","10","40","86.0","97","50","12","59","37","1.55","6.13","3.83","5.08","0.2","999.0","13418"
"Luis Ysla","Red Sox","1","1","0","1","4.93","0","10","10.0","10","5","1","9","6","1.60","7.71","5.08","5.08","0.0","999.0","sa739569"
"Jayson Aquino","Orioles","1","1","0","1","5.09","0","10","10.0","11","6","2","6","3","1.46","5.49","2.82","5.08","0.0","999.0","13150"
"Taylor Guerrieri","Rays","3","5","0","0","5.00","11","11","65.0","72","36","10","39","24","1.47","5.45","3.31","5.09","0.1","999.0","sa597787"
"Bryan Mitchell","Yankees","6","8","0","1","5.21","18","28","113.0","121","66","18","90","53","1.53","7.17","4.23","5.10","0.5","736.4","11479"
"Nick Martinez","Rangers","1","1","0","0","5.04","3","3","18.0","21","10","3","11","6","1.49","5.51","3.09","5.11","0.1","999.0","12730"
"Mike Wright","Orioles","4","5","0","0","5.20","13","13","73.0","82","42","12","50","23","1.44","6.09","2.85","5.12","0.4","999.0","12586"
"Logan Verrett","Orioles","1","2","0","0","5.24","5","5","28.0","31","16","5","19","10","1.49","6.13","3.30","5.14","0.1","910.3","12905"
"Henry Owens","Red Sox","1","1","0","0","4.98","2","2","9.0","9","5","1","8","5","1.59","8.05","5.36","5.15","0.0","999.0","13143"
"Kyle Lohse","","6","9","0","0","5.52","21","21","122.0","143","75","21","75","36","1.47","5.55","2.69","5.18","0.3","999.0","739"
"Tyrell Jenkins","Padres","1","2","0","0","5.10","5","5","28.0","30","16","4","18","14","1.59","5.81","4.45","5.18","0.0","889.6","11378"
"Kyle Freeland","Rockies","7","8","0","0","5.26","19","19","110.0","131","64","18","68","36","1.53","5.57","2.99","5.18","0.6","999.0","sa599746"
"Jerome Williams","","4","7","0","0","5.39","16","16","92.0","107","55","15","54","29","1.48","5.23","2.80","5.19","0.1","999.0","1137"
"Brad Goldberg","White Sox","0","1","0","1","5.20","0","10","10.0","10","6","1","9","6","1.62","7.80","5.34","5.19","0.0","999.0","sa579754"
"Thyago Vieira","Mariners","0","1","0","1","5.11","0","10","10.0","10","6","1","8","6","1.63","7.09","5.35","5.19","0.0","884.6","sa596366"
"Randy Rosario","Twins","1","2","0","0","5.35","3","3","19.0","21","11","3","12","9","1.62","5.68","4.26","5.21","0.0","999.0","sa597117"
"Miguel Diaz","Padres","1","2","0","3","5.28","2","32","39.0","42","23","6","30","19","1.56","6.79","4.43","5.22","-0.2","999.0","sa657924"
"Matt Purke","White Sox","1","1","0","1","5.20","0","20","20.0","21","12","3","16","11","1.63","7.37","5.07","5.23","-0.1","999.0","12831"
"Tyler Wagner","Rangers","1","1","0","0","5.19","2","2","9.0","11","5","1","6","4","1.54","5.86","3.54","5.23","0.0","994.5","13796"
"Tyler Danish","White Sox","1","2","0","1","5.41","3","13","29.0","34","17","4","18","11","1.56","5.60","3.52","5.23","0.0","999.0","15126"
"Ronald Herrera","Yankees","1","1","0","0","5.37","3","3","19.0","21","11","3","13","7","1.48","6.43","3.22","5.23","0.1","999.0","sa657806"
"Taylor Williams","Brewers","0","1","0","1","5.36","0","10","10.0","11","6","2","8","4","1.48","7.33","3.45","5.24","0.0","999.0","sa737785"
"Robert Stephenson","Reds","4","7","0","0","5.07","15","15","83.0","78","47","13","82","51","1.56","8.94","5.53","5.25","0.4","659.3","13594"
"Max Fried","Braves","0","1","0","0","5.09","2","2","9.0","10","5","1","7","6","1.67","6.75","5.59","5.30","0.0","937.1","sa657860"
"Ryan Vogelsong","Twins","3","4","0","1","5.51","8","18","57.0","65","35","10","40","24","1.56","6.27","3.77","5.32","0.1","999.0","1011"
"Yency Almonte","Rockies","1","1","0","0","5.41","2","2","9.0","11","6","2","7","4","1.57","6.39","3.69","5.32","0.0","999.0","sa658334"
"Jason Garcia","Orioles","1","1","0","1","5.29","0","20","20.0","22","12","3","12","10","1.61","5.61","4.43","5.33","-0.1","999.0","12143"
"Ernesto Frieri","Yankees","1","1","0","1","5.18","0","25","25.0","25","14","5","23","11","1.45","8.23","4.10","5.34","-0.1","999.0","5178"
"Chris Lee","Orioles","1","1","0","1","5.34","0","15","15.0","17","9","2","8","7","1.60","5.09","4.10","5.35","0.0","999.0","sa550044"
"Carson Fulmer","White Sox","2","3","0","1","5.49","3","18","34.0","35","21","5","31","20","1.62","8.30","5.35","5.36","0.0","608.0","18311"
"Domingo German","Yankees","0","1","0","1","5.39","0","10","10.0","11","6","2","7","4","1.50","6.54","3.40","5.37","0.0","999.0","sa548637"
"Bronson Arroyo","Reds","6","9","0","0","5.34","18","18","107.0","124","63","21","60","26","1.41","5.02","2.20","5.44","0.1","916.6","978"
"Ricardo Pinto","Phillies","0","1","0","0","5.57","2","2","9.0","11","6","2","6","4","1.51","5.93","3.47","5.50","0.0","999.0","sa656014"
"Ryan Borucki","Blue Jays","1","1","0","0","5.59","2","2","9.0","11","6","2","6","4","1.58","5.76","3.81","5.54","0.0","999.0","sa658266"
"Conner Greene","Blue Jays","1","2","0","0","5.77","3","3","19.0","21","12","3","12","10","1.65","5.82","4.59","5.63","0.0","999.0","sa737829"
"Parker Bridwell","Orioles","0","1","0","0","5.87","2","2","9.0","10","6","2","7","5","1.63","6.83","4.65","5.68","0.0","999.0","11502"
"Zach Jemiola","Rockies","0","1","0","0","5.93","2","2","9.0","11","6","2","5","3","1.62","5.03","3.30","5.77","0.0","999.0","sa658131"
"Alberto Tirado","Phillies","1","2","0","1","5.68","0","25","25.0","23","16","4","27","23","1.85","9.63","8.33","5.85","-0.1","999.0","sa659315"
"Yefrey Ramirez","Yankees","0","1","0","0","6.02","2","2","9.0","11","6","2","7","4","1.55","6.83","3.70","5.86","0.0","999.0","sa597051"
"Jose Alvarado","Rays","0","1","0","1","5.46","0","10","10.0","10","6","1","9","9","1.88","8.00","8.37","5.89","-0.1","999.0","sa656049"
"Ariel Hernandez","Reds","0","1","0","1","5.57","0","10","10.0","9","6","1","10","9","1.87","8.69","8.33","5.96","-0.1","999.0","sa507017"
"Sandy Baez","Tigers","0","1","0","0","6.31","2","2","9.0","11","7","2","5","4","1.68","4.80","4.02","6.10","-0.1","999.0","sa657709"
"Tyler Matzek","Rockies","1","2","0","0","5.96","5","5","28.0","28","18","4","25","29","2.07","8.21","9.49","6.65","-0.2","999.0","10058"
